日期,开盘,收盘,最高,最低,成交量,成交额,振幅,涨跌幅,涨跌额,换手率
2019-07-15,0.283,0.286,0.286,0.282,2009544,207349169.0,1.41,0.7,0.002,3.71
2019-07-16,0.285,0.286,0.286,0.285,241831,25137121.0,0.35,0.0,0.0,0.45
2019-07-17,0.285,0.286,0.288,0.285,239589,24971969.0,1.05,0.0,0.0,0.44
2019-07-18,0.285,0.281,0.285,0.281,111007,11418408.0,1.4,-1.75,-0.005,0.2
2019-07-19,0.283,0.284,0.286,0.283,155230,16090301.0,1.07,1.07,0.003,0.29
2019-07-22,0.285,0.28,0.285,0.279,125397,12850975.0,2.11,-1.41,-0.004,0.23
2019-07-23,0.28,0.283,0.283,0.28,94008,9638724.0,1.07,1.07,0.003,0.17
2019-07-24,0.283,0.286,0.287,0.283,86182,8957908.0,1.41,1.06,0.003,0.16
2019-07-25,0.286,0.287,0.287,0.285,96637,10061284.0,0.7,0.35,0.001,0.18
2019-07-26,0.285,0.287,0.288,0.284,27219,2837072.0,1.39,0.0,0.0,0.05
2019-07-29,0.287,0.287,0.287,0.286,68036,7094336.0,0.35,0.0,0.0,0.13
2019-07-30,0.287,0.29,0.291,0.287,80270,8476848.0,1.39,1.05,0.003,0.15
2019-07-31,0.29,0.288,0.29,0.287,42724,4475742.0,1.03,-0.69,-0.002,0.08
2019-08-01,0.287,0.289,0.289,0.286,129987,13631583.0,1.04,0.35,0.001,0.24
2019-08-02,0.284,0.286,0.286,0.282,96699,10006613.0,1.38,-1.04,-0.003,0.18
2019-08-05,0.286,0.283,0.287,0.282,51976,5384096.0,1.75,-1.05,-0.003,0.1
2019-08-06,0.28,0.279,0.281,0.274,108047,10898509.0,2.47,-1.41,-0.004,0.2
2019-08-07,0.282,0.278,0.282,0.278,187366,19104593.0,1.43,-0.36,-0.001,0.35
2019-08-08,0.278,0.284,0.284,0.278,286928,29503488.0,2.16,2.16,0.006,0.53
2019-08-09,0.284,0.281,0.287,0.281,216313,22384858.0,2.11,-1.06,-0.003,0.4
2019-08-12,0.283,0.286,0.286,0.281,228741,23600547.0,1.78,1.78,0.005,0.42
2019-08-13,0.286,0.284,0.286,0.283,163735,16977454.0,1.05,-0.7,-0.002,0.3
2019-08-14,0.285,0.287,0.288,0.285,110303,11518332.0,1.06,1.06,0.003,0.2
2019-08-15,0.284,0.288,0.288,0.282,66946,6985044.0,2.09,0.35,0.001,0.12
2019-08-16,0.288,0.293,0.295,0.288,158682,16880890.0,2.43,1.74,0.005,0.29
2019-08-19,0.296,0.302,0.302,0.294,119005,12877696.0,2.73,3.07,0.009,0.22
2019-08-20,0.302,0.299,0.302,0.298,83146,9058857.0,1.32,-0.99,-0.003,0.15
2019-08-21,0.299,0.298,0.3,0.297,43810,4765513.0,1.0,-0.33,-0.001,0.08
2019-08-22,0.298,0.299,0.3,0.297,69466,7537889.0,1.01,0.34,0.001,0.13
2019-08-23,0.3,0.302,0.303,0.299,53675,5868835.0,1.34,1.0,0.003,0.1
2019-08-26,0.3,0.3,0.302,0.298,148074,16167884.0,1.32,-0.66,-0.002,0.27
2019-08-27,0.3,0.306,0.308,0.3,297241,33039247.0,2.67,2.0,0.006,0.55
2019-08-28,0.306,0.305,0.306,0.302,216917,23992225.0,1.31,-0.33,-0.001,0.4
2019-08-29,0.305,0.305,0.306,0.302,124640,13767011.0,1.31,0.0,0.0,0.23
2019-08-30,0.306,0.304,0.308,0.302,132401,14685377.0,1.97,-0.33,-0.001,0.24
2019-09-02,0.305,0.314,0.314,0.305,163463,18363742.0,2.96,3.29,0.01,0.3
2019-09-03,0.317,0.315,0.318,0.313,148545,16956381.0,1.59,0.32,0.001,0.27
2019-09-04,0.314,0.315,0.316,0.311,366624,41871039.0,1.59,0.0,0.0,0.68
2019-09-05,0.316,0.318,0.321,0.316,105616,12266815.0,1.59,0.95,0.003,0.19
2019-09-06,0.32,0.318,0.32,0.315,124869,14413865.0,1.57,0.0,0.0,0.23
2019-09-09,0.324,0.324,0.324,0.319,193815,22624616.0,1.57,1.89,0.006,0.36
2019-09-10,0.324,0.323,0.328,0.322,78963,9306004.0,1.85,-0.31,-0.001,0.15
2019-09-11,0.326,0.319,0.326,0.319,177553,20815308.0,2.17,-1.24,-0.004,0.33
2019-09-12,0.322,0.319,0.322,0.316,162367,18804066.0,1.88,0.0,0.0,0.3
2019-09-16,0.319,0.319,0.32,0.317,154868,17948725.0,0.94,0.0,0.0,0.29
2019-09-17,0.317,0.314,0.319,0.313,151784,17425939.0,1.88,-1.57,-0.005,0.28
2019-09-18,0.314,0.314,0.316,0.312,172188,19663132.0,1.27,0.0,0.0,0.32
2019-09-19,0.314,0.319,0.319,0.312,340753,39251106.0,2.23,1.59,0.005,0.63
2019-09-20,0.319,0.32,0.321,0.318,238742,27791959.0,0.94,0.31,0.001,0.44
2019-09-23,0.32,0.314,0.32,0.312,145222,16557451.0,2.5,-1.88,-0.006,0.27
2019-09-24,0.315,0.317,0.319,0.314,196593,22657643.0,1.59,0.96,0.003,0.36
2019-09-25,0.315,0.314,0.317,0.313,67584,7746984.0,1.26,-0.95,-0.003,0.12
2019-09-26,0.313,0.304,0.316,0.304,155299,17388953.0,3.82,-3.18,-0.01,0.29
2019-09-27,0.304,0.309,0.31,0.303,195069,21849448.0,2.3,1.64,0.005,0.36
2019-09-30,0.309,0.306,0.31,0.305,85441,9559879.0,1.62,-0.97,-0.003,0.16
2019-10-08,0.306,0.306,0.308,0.305,119701,13369595.0,0.98,0.0,0.0,0.22
2019-10-09,0.306,0.306,0.306,0.302,124660,13760885.0,1.31,0.0,0.0,0.23
2019-10-10,0.305,0.316,0.316,0.305,141570,16023819.0,3.59,3.27,0.01,0.26
2019-10-11,0.318,0.316,0.318,0.314,54738,6301124.0,1.27,0.0,0.0,0.1
2019-10-14,0.317,0.318,0.32,0.316,74632,8636800.0,1.27,0.63,0.002,0.14
2019-10-15,0.316,0.316,0.318,0.313,102983,11825641.0,1.57,-0.63,-0.002,0.19
2019-10-16,0.316,0.316,0.318,0.316,79464,9154494.0,0.63,0.0,0.0,0.15
2019-10-17,0.316,0.316,0.317,0.315,83985,9658627.0,0.63,0.0,0.0,0.15
2019-10-18,0.317,0.315,0.319,0.314,136213,15690704.0,1.58,-0.32,-0.001,0.25
2019-10-21,0.315,0.313,0.316,0.31,109492,12452572.0,1.9,-0.63,-0.002,0.2
2019-10-22,0.314,0.317,0.317,0.313,168627,19351266.0,1.28,1.28,0.004,0.31
2019-10-23,0.317,0.313,0.318,0.313,109489,12559448.0,1.58,-1.26,-0.004,0.2
2019-10-24,0.312,0.313,0.316,0.311,79105,9004046.0,1.6,0.0,0.0,0.15
2019-10-25,0.313,0.318,0.319,0.313,123789,14237326.0,1.92,1.6,0.005,0.23
2019-10-28,0.325,0.323,0.327,0.319,140949,16508924.0,2.52,1.57,0.005,0.26
2019-10-29,0.322,0.321,0.324,0.321,89851,10555950.0,0.93,-0.62,-0.002,0.17
2019-10-30,0.32,0.322,0.323,0.319,91336,10684519.0,1.25,0.31,0.001,0.17
2019-10-31,0.323,0.32,0.324,0.32,106889,12502595.0,1.24,-0.62,-0.002,0.2
2019-11-01,0.319,0.323,0.323,0.316,120782,14126071.0,2.19,0.94,0.003,0.22
2019-11-04,0.323,0.326,0.327,0.323,197293,23397137.0,1.24,0.93,0.003,0.36
2019-11-05,0.326,0.33,0.331,0.326,147082,17566708.0,1.53,1.23,0.004,0.27
2019-11-06,0.33,0.328,0.331,0.326,89092,10669347.0,1.52,-0.61,-0.002,0.16
2019-11-07,0.327,0.329,0.331,0.327,80862,9674494.0,1.22,0.3,0.001,0.15
2019-11-08,0.33,0.329,0.332,0.328,145949,17545826.0,1.22,0.0,0.0,0.27
2019-11-11,0.329,0.322,0.329,0.322,76599,9056147.0,2.13,-2.13,-0.007,0.14
2019-11-12,0.323,0.323,0.324,0.319,81435,9530605.0,1.55,0.31,0.001,0.15
2019-11-13,0.323,0.328,0.328,0.323,95478,11295413.0,1.55,1.55,0.005,0.18
2019-11-14,0.328,0.329,0.33,0.327,77562,9271780.0,0.91,0.3,0.001,0.14
2019-11-15,0.329,0.325,0.329,0.325,41856,4981945.0,1.22,-1.22,-0.004,0.08
2019-11-18,0.325,0.326,0.328,0.323,85608,10134680.0,1.54,0.31,0.001,0.16
2019-11-19,0.327,0.335,0.335,0.326,149457,17995802.0,2.76,2.76,0.009,0.28
2019-11-20,0.335,0.333,0.337,0.332,130655,15915735.0,1.49,-0.6,-0.002,0.24
2019-11-21,0.332,0.331,0.334,0.33,69190,8352377.0,1.2,-0.6,-0.002,0.13
2019-11-22,0.331,0.322,0.335,0.32,129378,15327461.0,4.53,-2.72,-0.009,0.24
2019-11-25,0.322,0.318,0.323,0.316,106646,12325258.0,2.17,-1.24,-0.004,0.2
2019-11-26,0.318,0.322,0.323,0.318,127657,14891489.0,1.57,1.26,0.004,0.24
2019-11-27,0.322,0.321,0.324,0.319,111903,13070221.0,1.55,-0.31,-0.001,0.21
2019-11-28,0.321,0.321,0.323,0.32,88677,10390961.0,0.93,0.0,0.0,0.16
2019-11-29,0.32,0.317,0.32,0.314,153853,17717663.0,1.87,-1.25,-0.004,0.28
2019-12-02,0.317,0.319,0.321,0.317,84639,9818704.0,1.26,0.63,0.002,0.16
2019-12-03,0.318,0.32,0.32,0.314,65338,7529490.0,1.88,0.31,0.001,0.12
2019-12-04,0.318,0.32,0.322,0.318,113114,13153224.0,1.25,0.0,0.0,0.21
2019-12-05,0.321,0.327,0.328,0.321,152495,18073223.0,2.19,2.19,0.007,0.28
2019-12-06,0.327,0.33,0.33,0.327,110483,13191924.0,0.92,0.92,0.003,0.2
2019-12-09,0.331,0.327,0.331,0.326,105909,12617028.0,1.52,-0.91,-0.003,0.2
2019-12-10,0.326,0.328,0.328,0.325,114571,13624173.0,0.92,0.31,0.001,0.21
2019-12-11,0.328,0.325,0.328,0.325,80873,9604875.0,0.91,-0.91,-0.003,0.15
2019-12-12,0.325,0.327,0.328,0.325,192069,22839900.0,0.92,0.62,0.002,0.35
2019-12-13,0.329,0.334,0.335,0.328,206777,24942396.0,2.14,2.14,0.007,0.38
2019-12-16,0.334,0.337,0.337,0.333,91323,11109687.0,1.2,0.9,0.003,0.17
2019-12-17,0.337,0.34,0.341,0.336,96282,11858901.0,1.48,0.89,0.003,0.18
2019-12-18,0.339,0.336,0.34,0.335,84379,10364179.0,1.47,-1.18,-0.004,0.16
2019-12-19,0.336,0.334,0.336,0.334,62609,7620062.0,0.6,-0.6,-0.002,0.12
2019-12-20,0.335,0.332,0.336,0.332,60367,7330238.0,1.2,-0.6,-0.002,0.11
2019-12-23,0.33,0.326,0.332,0.325,78720,9406238.0,2.11,-1.81,-0.006,0.15
2019-12-24,0.326,0.329,0.33,0.325,187354,22284852.0,1.53,0.92,0.003,0.35
2019-12-25,0.329,0.33,0.331,0.327,120666,14433968.0,1.22,0.3,0.001,0.22
2019-12-26,0.33,0.331,0.332,0.33,51819,6239148.0,0.61,0.3,0.001,0.1
2019-12-27,0.332,0.326,0.333,0.326,104021,12485973.0,2.11,-1.51,-0.005,0.19
2019-12-30,0.326,0.328,0.329,0.322,79976,9482082.0,2.15,0.61,0.002,0.15
2019-12-31,0.328,0.331,0.332,0.328,79223,9520524.0,1.22,0.91,0.003,0.15
2020-01-02,0.334,0.335,0.336,0.331,72836,8870285.0,1.51,1.21,0.004,0.13
2020-01-03,0.336,0.332,0.336,0.33,81009,9814845.0,1.79,-0.9,-0.003,0.15
2020-01-06,0.33,0.337,0.339,0.329,170283,20822582.0,3.01,1.51,0.005,0.31
2020-01-07,0.338,0.344,0.344,0.337,183683,22760890.0,2.08,2.08,0.007,0.34
2020-01-08,0.342,0.339,0.347,0.339,92639,11513429.0,2.33,-1.45,-0.005,0.17
2020-01-09,0.343,0.349,0.35,0.342,77801,9821694.0,2.36,2.95,0.01,0.14
2020-01-10,0.35,0.35,0.351,0.348,90919,11553281.0,0.86,0.29,0.001,0.17
2020-01-13,0.349,0.356,0.356,0.349,335100,42927123.0,2.0,1.71,0.006,0.62
2020-01-14,0.356,0.353,0.357,0.353,71325,9197602.0,1.12,-0.84,-0.003,0.13
2020-01-15,0.352,0.355,0.356,0.351,51257,6594447.0,1.42,0.57,0.002,0.09
2020-01-16,0.355,0.357,0.358,0.355,78750,10212684.0,0.85,0.56,0.002,0.15
2020-01-17,0.357,0.359,0.361,0.357,55557,7268889.0,1.12,0.56,0.002,0.1
2020-01-20,0.359,0.37,0.37,0.359,90796,12074027.0,3.06,3.06,0.011,0.17
2020-01-21,0.369,0.37,0.372,0.366,90334,12141089.0,1.62,0.0,0.0,0.17
2020-01-22,0.367,0.371,0.373,0.361,181760,24190595.0,3.24,0.27,0.001,0.34
2020-01-23,0.365,0.357,0.369,0.354,187484,24826223.0,4.04,-3.77,-0.014,0.35
2020-02-03,0.326,0.343,0.343,0.322,207490,24988740.0,5.88,-3.92,-0.014,0.38
2020-02-04,0.338,0.347,0.35,0.33,282241,34998077.0,5.83,1.17,0.004,0.52
2020-02-05,0.347,0.351,0.357,0.346,114468,14604948.0,3.17,1.15,0.004,0.21
2020-02-06,0.347,0.362,0.365,0.347,104578,13557695.0,5.13,3.13,0.011,0.19
2020-02-07,0.362,0.364,0.366,0.357,104454,13751524.0,2.49,0.55,0.002,0.19
2020-02-10,0.363,0.368,0.369,0.362,62023,8260200.0,1.92,1.1,0.004,0.11
2020-02-11,0.367,0.369,0.371,0.364,52359,7014143.0,1.9,0.27,0.001,0.1
2020-02-12,0.368,0.378,0.379,0.366,102361,13941662.0,3.52,2.44,0.009,0.19
2020-02-13,0.378,0.376,0.381,0.374,96034,13187569.0,1.85,-0.53,-0.002,0.18
2020-02-14,0.376,0.38,0.385,0.374,132167,18341691.0,2.93,1.06,0.004,0.24
2020-02-17,0.384,0.395,0.396,0.384,227613,32274651.0,3.16,3.95,0.015,0.42
2020-02-18,0.397,0.399,0.399,0.392,148016,21351043.0,1.77,1.01,0.004,0.27
2020-02-19,0.397,0.396,0.402,0.394,155275,22447524.0,2.01,-0.75,-0.003,0.29
2020-02-20,0.397,0.403,0.403,0.395,125148,18199555.0,2.02,1.77,0.007,0.23
2020-02-21,0.401,0.411,0.414,0.401,132549,19721811.0,3.23,1.99,0.008,0.24
2020-02-24,0.409,0.417,0.419,0.408,134865,20296797.0,2.68,1.46,0.006,0.25
2020-02-25,0.41,0.422,0.425,0.402,167774,25333770.0,5.52,1.2,0.005,0.31
2020-02-26,0.417,0.402,0.418,0.401,271605,40545771.0,4.03,-4.74,-0.02,0.5
2020-02-27,0.402,0.405,0.412,0.399,108138,15967860.0,3.23,0.75,0.003,0.2
2020-02-28,0.388,0.385,0.399,0.384,146526,20842079.0,3.7,-4.94,-0.02,0.27
2020-03-02,0.387,0.397,0.4,0.387,98595,14165681.0,3.38,3.12,0.012,0.18
2020-03-03,0.408,0.404,0.415,0.4,110769,16437001.0,3.78,1.76,0.007,0.2
2020-03-04,0.4,0.402,0.404,0.395,78796,11460001.0,2.23,-0.5,-0.002,0.15
2020-03-05,0.412,0.409,0.412,0.403,68386,10107759.0,2.24,1.74,0.007,0.13
2020-03-06,0.401,0.404,0.41,0.401,33426,4939868.0,2.2,-1.22,-0.005,0.06
2020-03-09,0.393,0.387,0.399,0.386,112013,15980721.0,3.22,-4.21,-0.017,0.21
2020-03-10,0.387,0.396,0.396,0.38,189507,26717248.0,4.13,2.33,0.009,0.35
2020-03-11,0.397,0.387,0.398,0.386,95231,13562916.0,3.03,-2.27,-0.009,0.18
2020-03-12,0.374,0.375,0.382,0.372,214106,29431028.0,2.58,-3.1,-0.012,0.4
2020-03-13,0.357,0.372,0.375,0.357,101255,13451842.0,4.8,-0.8,-0.003,0.19
2020-03-16,0.372,0.35,0.372,0.349,149581,19602082.0,6.18,-5.91,-0.022,0.28
2020-03-17,0.35,0.35,0.356,0.338,162112,20364653.0,5.14,0.0,0.0,0.3
2020-03-18,0.353,0.348,0.364,0.348,135564,17612945.0,4.57,-0.57,-0.002,0.25
2020-03-19,0.349,0.347,0.352,0.338,129399,16181362.0,4.02,-0.29,-0.001,0.24
2020-03-20,0.353,0.351,0.354,0.345,48955,6224089.0,2.59,1.15,0.004,0.09
2020-03-23,0.337,0.338,0.348,0.337,246387,30589104.0,3.13,-3.7,-0.013,0.45
2020-03-24,0.346,0.346,0.346,0.335,106474,13185855.0,3.25,2.37,0.008,0.2
2020-03-25,0.358,0.359,0.359,0.353,38520,4980920.0,1.73,3.76,0.013,0.07
2020-03-26,0.353,0.36,0.363,0.353,43235,5657513.0,2.79,0.28,0.001,0.08
2020-03-27,0.364,0.355,0.365,0.355,58780,7690452.0,2.78,-1.39,-0.005,0.11
2020-03-30,0.347,0.348,0.353,0.344,74977,9465647.0,2.54,-1.97,-0.007,0.14
2020-03-31,0.352,0.352,0.354,0.35,33134,4234073.0,1.15,1.15,0.004,0.06
2020-04-01,0.352,0.351,0.358,0.351,102575,13275013.0,1.99,-0.28,-0.001,0.19
2020-04-02,0.349,0.362,0.362,0.349,353719,45737240.0,3.7,3.13,0.011,0.65
2020-04-03,0.362,0.364,0.366,0.362,81263,10775278.0,1.1,0.55,0.002,0.15
2020-04-07,0.373,0.376,0.376,0.37,128268,17401338.0,1.65,3.3,0.012,0.24
2020-04-08,0.375,0.374,0.377,0.369,127620,17428216.0,2.13,-0.53,-0.002,0.24
2020-04-09,0.378,0.381,0.382,0.376,76871,10614801.0,1.6,1.87,0.007,0.14
2020-04-10,0.381,0.373,0.383,0.372,77684,10637764.0,2.89,-2.1,-0.008,0.14
2020-04-13,0.369,0.368,0.372,0.367,48293,6467780.0,1.34,-1.34,-0.005,0.09
2020-04-14,0.371,0.378,0.378,0.369,57920,7863714.0,2.45,2.72,0.01,0.11
2020-04-15,0.379,0.376,0.381,0.375,241834,33376671.0,1.59,-0.53,-0.002,0.45
2020-04-16,0.374,0.381,0.382,0.373,122776,16957059.0,2.39,1.33,0.005,0.23
2020-04-17,0.385,0.384,0.389,0.383,59313,8313812.0,1.57,0.79,0.003,0.11
2020-04-20,0.384,0.389,0.389,0.384,33134,4663346.0,1.3,1.3,0.005,0.06
2020-04-21,0.388,0.385,0.388,0.38,76707,10681499.0,2.06,-1.03,-0.004,0.14
2020-04-22,0.38,0.389,0.389,0.38,47915,6712155.0,2.34,1.04,0.004,0.09
2020-04-23,0.39,0.387,0.393,0.386,28278,3999646.0,1.8,-0.51,-0.002,0.05
2020-04-24,0.385,0.382,0.388,0.381,31976,4470125.0,1.81,-1.29,-0.005,0.06
2020-04-27,0.385,0.388,0.39,0.38,34608,4859717.0,2.62,1.57,0.006,0.06
2020-04-28,0.39,0.394,0.396,0.38,134061,19112088.0,4.12,1.55,0.006,0.25
2020-04-29,0.392,0.392,0.399,0.391,100285,14384342.0,2.03,-0.51,-0.002,0.19
2020-04-30,0.396,0.397,0.398,0.393,374762,53849055.0,1.28,1.28,0.005,0.69
2020-05-06,0.395,0.406,0.407,0.394,60474,8794442.0,3.27,2.27,0.009,0.11
2020-05-07,0.407,0.408,0.409,0.405,46362,6863755.0,0.99,0.49,0.002,0.09
2020-05-08,0.41,0.41,0.413,0.408,37581,5616763.0,1.23,0.49,0.002,0.07
2020-05-11,0.412,0.407,0.414,0.404,68863,10218833.0,2.44,-0.73,-0.003,0.13
2020-05-12,0.407,0.414,0.414,0.406,47901,7159385.0,1.97,1.72,0.007,0.09
2020-05-13,0.411,0.42,0.421,0.411,73438,11133405.0,2.42,1.45,0.006,0.14
2020-05-14,0.418,0.416,0.42,0.416,71630,10889352.0,0.95,-0.95,-0.004,0.13
2020-05-15,0.418,0.417,0.421,0.414,53589,8145417.0,1.68,0.24,0.001,0.1
2020-05-18,0.417,0.418,0.422,0.413,80333,12222912.0,2.16,0.24,0.001,0.15
2020-05-19,0.422,0.426,0.426,0.42,181868,28020109.0,1.44,1.91,0.008,0.34
2020-05-20,0.425,0.417,0.425,0.415,157866,24100952.0,2.35,-2.11,-0.009,0.29
2020-05-21,0.419,0.414,0.421,0.412,77831,11770155.0,2.16,-0.72,-0.003,0.14
2020-05-22,0.411,0.404,0.413,0.402,89839,13318542.0,2.66,-2.42,-0.01,0.17
2020-05-25,0.402,0.406,0.407,0.402,49027,7208016.0,1.24,0.5,0.002,0.09
2020-05-26,0.409,0.418,0.418,0.408,80113,12094385.0,2.46,2.96,0.012,0.15
2020-05-27,0.418,0.408,0.418,0.406,198214,29599139.0,2.87,-2.39,-0.01,0.37
2020-05-28,0.408,0.403,0.408,0.397,73419,10762527.0,2.7,-1.23,-0.005,0.14
2020-05-29,0.401,0.413,0.414,0.401,76116,11377357.0,3.23,2.48,0.01,0.14
2020-06-01,0.417,0.424,0.425,0.414,103049,15764300.0,2.66,2.66,0.011,0.19
2020-06-02,0.425,0.42,0.428,0.418,215193,32894945.0,2.36,-0.94,-0.004,0.4
2020-06-03,0.422,0.42,0.425,0.419,86856,13303978.0,1.43,0.0,0.0,0.16
2020-06-04,0.419,0.423,0.424,0.419,44929,6896052.0,1.19,0.71,0.003,0.08
2020-06-05,0.421,0.428,0.428,0.421,118561,18364379.0,1.65,1.18,0.005,0.22
2020-06-08,0.432,0.422,0.432,0.422,102110,15885989.0,2.34,-1.4,-0.006,0.19
2020-06-09,0.424,0.429,0.43,0.42,111863,17405569.0,2.37,1.66,0.007,0.21
2020-06-10,0.429,0.436,0.437,0.425,132067,20894500.0,2.8,1.63,0.007,0.24
2020-06-11,0.437,0.434,0.441,0.432,93020,14781486.0,2.06,-0.46,-0.002,0.17
2020-06-12,0.423,0.441,0.441,0.423,226359,35944047.0,4.15,1.61,0.007,0.42
2020-06-15,0.442,0.439,0.446,0.438,195826,31519515.0,1.81,-0.45,-0.002,0.36
2020-06-16,0.444,0.448,0.448,0.443,63194,10254366.0,1.14,2.05,0.009,0.12
2020-06-17,0.45,0.449,0.453,0.446,72578,11869482.0,1.56,0.22,0.001,0.13
2020-06-18,0.449,0.445,0.449,0.44,148159,23927521.0,2.0,-0.89,-0.004,0.27
2020-06-19,0.445,0.459,0.461,0.441,241987,40151291.0,4.49,3.15,0.014,0.45
2020-06-22,0.465,0.461,0.468,0.46,219659,37018285.0,1.74,0.44,0.002,0.41
2020-06-23,0.425,0.474,0.474,0.425,176926,30088228.0,10.63,2.82,0.013,0.33
2020-06-24,0.476,0.472,0.479,0.467,252629,43235514.0,2.53,-0.42,-0.002,0.47
2020-06-29,0.469,0.474,0.475,0.469,135517,23299759.0,1.27,0.42,0.002,0.25
2020-06-30,0.478,0.486,0.486,0.476,184975,32455961.0,2.11,2.53,0.012,0.34
2020-07-01,0.489,0.477,0.49,0.471,337051,58911480.0,3.91,-1.85,-0.009,0.62
2020-07-02,0.477,0.471,0.477,0.467,371085,63829778.0,2.1,-1.26,-0.006,0.68
2020-07-03,0.467,0.479,0.48,0.465,386719,66766876.0,3.18,1.7,0.008,0.71
2020-07-06,0.479,0.484,0.484,0.473,326640,56986976.0,2.3,1.04,0.005,0.6
2020-07-07,0.485,0.507,0.512,0.484,397761,72341595.0,5.79,4.75,0.023,0.73
2020-07-08,0.504,0.509,0.51,0.497,206695,37990222.0,2.56,0.39,0.002,0.38
2020-07-09,0.508,0.533,0.533,0.506,864374,162024317.0,5.3,4.72,0.024,1.59
2020-07-10,0.531,0.54,0.544,0.527,329355,64504261.0,3.19,1.31,0.007,0.61
2020-07-13,0.54,0.568,0.568,0.54,390438,78821785.0,5.19,5.19,0.028,0.72
2020-07-14,0.568,0.56,0.569,0.545,708595,143816679.0,4.23,-1.41,-0.008,1.31
2020-07-15,0.558,0.555,0.574,0.55,912319,187438525.0,4.29,-0.89,-0.005,1.68
2020-07-16,0.555,0.524,0.563,0.522,638002,126276454.0,7.39,-5.59,-0.031,1.18
2020-07-17,0.521,0.528,0.539,0.518,445206,85290599.0,4.01,0.76,0.004,0.82
2020-07-20,0.533,0.531,0.541,0.517,324461,62267651.0,4.55,0.57,0.003,0.6
2020-07-21,0.532,0.546,0.547,0.528,321207,63190187.0,3.58,2.82,0.015,0.59
2020-07-22,0.546,0.556,0.562,0.539,280915,56856823.0,4.21,1.83,0.01,0.52
2020-07-23,0.551,0.57,0.57,0.55,504513,103019531.0,3.6,2.52,0.014,0.93
2020-07-24,0.567,0.533,0.569,0.528,678364,134780739.0,7.19,-6.49,-0.037,1.25
2020-07-27,0.531,0.535,0.546,0.531,438308,85614425.0,2.81,0.38,0.002,0.81
2020-07-28,0.54,0.542,0.546,0.529,453613,88807184.0,3.18,1.31,0.007,0.84
2020-07-29,0.539,0.565,0.565,0.539,413633,83526803.0,4.8,4.24,0.023,0.76
2020-07-30,0.567,0.562,0.575,0.559,532223,109716516.0,2.83,-0.53,-0.003,0.98
2020-07-31,0.562,0.573,0.576,0.56,298651,61967219.0,2.85,1.96,0.011,0.55
2020-08-03,0.58,0.584,0.585,0.568,332159,69778681.0,2.97,1.92,0.011,0.61
2020-08-04,0.585,0.576,0.594,0.572,397100,84185720.0,3.77,-1.37,-0.008,0.73
2020-08-05,0.579,0.582,0.585,0.566,352330,73839925.0,3.3,1.04,0.006,0.65
2020-08-06,0.583,0.566,0.586,0.56,690630,143265280.0,4.47,-2.75,-0.016,1.27
2020-08-07,0.562,0.555,0.573,0.546,566415,115260909.0,4.77,-1.94,-0.011,1.05
2020-08-10,0.552,0.551,0.556,0.54,413018,82307113.0,2.88,-0.72,-0.004,0.76
2020-08-11,0.551,0.544,0.561,0.543,247905,49988123.0,3.27,-1.27,-0.007,0.46
2020-08-12,0.543,0.527,0.545,0.515,638552,122202486.0,5.51,-3.13,-0.017,1.18
2020-08-13,0.531,0.521,0.532,0.518,314392,60010616.0,2.66,-1.14,-0.006,0.58
2020-08-14,0.521,0.53,0.53,0.518,264135,50445350.0,2.3,1.73,0.009,0.49
2020-08-17,0.532,0.532,0.533,0.522,315764,60704754.0,2.08,0.38,0.002,0.58
2020-08-18,0.533,0.537,0.542,0.532,243853,47643965.0,1.88,0.94,0.005,0.45
2020-08-19,0.536,0.515,0.537,0.514,332693,63113657.0,4.28,-4.1,-0.022,0.61
2020-08-20,0.511,0.51,0.517,0.506,290698,53954394.0,2.14,-0.97,-0.005,0.54
2020-08-21,0.514,0.52,0.524,0.514,255463,48325211.0,1.96,1.96,0.01,0.47
2020-08-24,0.527,0.527,0.532,0.509,436634,83034116.0,4.42,1.35,0.007,0.81
2020-08-25,0.527,0.53,0.537,0.526,212048,41063936.0,2.09,0.57,0.003,0.39
2020-08-26,0.53,0.524,0.539,0.522,245451,47435093.0,3.21,-1.13,-0.006,0.45
2020-08-27,0.524,0.535,0.537,0.524,211425,40908463.0,2.48,2.1,0.011,0.39
2020-08-28,0.535,0.55,0.551,0.533,216336,42719509.0,3.36,2.8,0.015,0.4
2020-08-31,0.553,0.543,0.554,0.543,239305,47648385.0,2.0,-1.27,-0.007,0.44
2020-09-01,0.541,0.548,0.548,0.539,157212,31126821.0,1.66,0.92,0.005,0.29
2020-09-02,0.55,0.549,0.551,0.542,157885,31438617.0,1.64,0.18,0.001,0.29
2020-09-03,0.545,0.546,0.556,0.544,181633,36267498.0,2.19,-0.55,-0.003,0.34
2020-09-04,0.535,0.542,0.543,0.53,309696,60410014.0,2.38,-0.73,-0.004,0.57
2020-09-07,0.539,0.519,0.543,0.515,337765,64963266.0,5.17,-4.24,-0.023,0.62
2020-09-08,0.518,0.518,0.523,0.51,184407,34628715.0,2.5,-0.19,-0.001,0.34
2020-09-09,0.511,0.491,0.511,0.485,293102,52847647.0,5.02,-5.21,-0.027,0.54
2020-09-10,0.495,0.489,0.504,0.488,227526,41181429.0,3.26,-0.41,-0.002,0.42
2020-09-11,0.486,0.497,0.498,0.486,176912,31825406.0,2.45,1.64,0.008,0.33
2020-09-14,0.5,0.503,0.509,0.499,316721,58189960.0,2.01,1.21,0.006,0.58
2020-09-15,0.503,0.507,0.508,0.499,153332,28193013.0,1.79,0.8,0.004,0.28
2020-09-16,0.508,0.5,0.509,0.498,111969,20496937.0,2.17,-1.38,-0.007,0.21
2020-09-17,0.499,0.5,0.506,0.493,118572,21497831.0,2.6,0.0,0.0,0.22
2020-09-18,0.5,0.511,0.511,0.497,114371,20979255.0,2.8,2.2,0.011,0.21
2020-09-21,0.511,0.503,0.512,0.503,139483,25686251.0,1.76,-1.57,-0.008,0.26
2020-09-22,0.502,0.505,0.513,0.501,130990,24240665.0,2.39,0.4,0.002,0.24
2020-09-23,0.505,0.515,0.517,0.503,178937,33264416.0,2.77,1.98,0.01,0.33
2020-09-24,0.511,0.505,0.514,0.505,150659,27903996.0,1.75,-1.94,-0.01,0.28
2020-09-25,0.508,0.508,0.513,0.505,100002,18551081.0,1.58,0.59,0.003,0.18
2020-09-28,0.511,0.505,0.511,0.504,81892,15103119.0,1.38,-0.59,-0.003,0.15
2020-09-29,0.51,0.512,0.515,0.504,122369,22733608.0,2.18,1.39,0.007,0.23
2020-09-30,0.513,0.518,0.522,0.513,137429,25930764.0,1.76,1.17,0.006,0.25
2020-10-09,0.523,0.54,0.541,0.523,331203,64490254.0,3.47,4.25,0.022,0.61
2020-10-12,0.544,0.56,0.56,0.544,384214,77339538.0,2.96,3.7,0.02,0.71
2020-10-13,0.561,0.562,0.564,0.555,371661,75821498.0,1.61,0.36,0.002,0.69
2020-10-14,0.562,0.56,0.565,0.557,166321,33970358.0,1.42,-0.36,-0.002,0.31
2020-10-15,0.56,0.555,0.561,0.554,187034,37873486.0,1.25,-0.89,-0.005,0.35
2020-10-16,0.553,0.554,0.559,0.547,116622,23503044.0,2.16,-0.18,-0.001,0.22
2020-10-19,0.561,0.547,0.563,0.546,172457,34672011.0,3.07,-1.26,-0.007,0.32
2020-10-20,0.544,0.558,0.558,0.544,221486,44371571.0,2.56,2.01,0.011,0.41
2020-10-21,0.557,0.55,0.559,0.547,180410,36329410.0,2.15,-1.43,-0.008,0.33
2020-10-22,0.549,0.543,0.549,0.537,226165,44696373.0,2.18,-1.27,-0.007,0.42
2020-10-23,0.543,0.528,0.549,0.524,225751,44181950.0,4.6,-2.76,-0.015,0.42
2020-10-26,0.524,0.53,0.532,0.515,181013,34519826.0,3.22,0.38,0.002,0.33
2020-10-27,0.528,0.541,0.542,0.527,179514,35019456.0,2.83,2.08,0.011,0.33
2020-10-28,0.54,0.547,0.55,0.538,148669,29396809.0,2.22,1.11,0.006,0.27
2020-10-29,0.541,0.557,0.56,0.539,219633,44083169.0,3.84,1.83,0.01,0.41
2020-10-30,0.557,0.548,0.56,0.546,225219,45301126.0,2.51,-1.62,-0.009,0.42
2020-11-02,0.548,0.565,0.568,0.548,252444,51534996.0,3.65,3.1,0.017,0.47
2020-11-03,0.566,0.571,0.573,0.561,251275,51877293.0,2.12,1.06,0.006,0.46
2020-11-04,0.577,0.573,0.577,0.566,208358,43273063.0,1.93,0.35,0.002,0.38
2020-11-05,0.579,0.58,0.582,0.57,446747,93935627.0,2.09,1.22,0.007,0.82
2020-11-06,0.584,0.569,0.585,0.56,1097482,62478578.0,4.31,-1.9,-0.011,2.02
2020-11-09,0.569,0.59,0.594,0.569,1505333,87893090.0,4.39,3.69,0.021,2.78
2020-11-10,0.588,0.579,0.594,0.573,1084749,62786820.0,3.56,-1.86,-0.011,2.0
2020-11-11,0.577,0.558,0.577,0.555,1282171,72399277.0,3.8,-3.63,-0.021,2.37
2020-11-12,0.559,0.56,0.565,0.556,1217254,68151962.0,1.61,0.36,0.002,2.25
2020-11-13,0.557,0.561,0.562,0.554,952500,53147998.0,1.43,0.18,0.001,1.76
2020-11-16,0.562,0.562,0.564,0.554,598593,33559488.0,1.78,0.18,0.001,1.1
2020-11-17,0.561,0.551,0.562,0.542,1034999,56992123.0,3.56,-1.96,-0.011,1.91
2020-11-18,0.55,0.54,0.555,0.538,898039,48744320.0,3.09,-2.0,-0.011,1.66
2020-11-19,0.539,0.544,0.545,0.532,1175767,63475948.0,2.41,0.74,0.004,2.17
2020-11-20,0.544,0.55,0.554,0.542,1344250,73829350.0,2.21,1.1,0.006,2.48
2020-11-23,0.551,0.557,0.56,0.546,1035521,57355159.0,2.55,1.27,0.007,1.91
2020-11-24,0.556,0.553,0.559,0.549,599557,33152901.0,1.8,-0.72,-0.004,1.11
2020-11-25,0.554,0.54,0.556,0.54,772171,42102344.0,2.89,-2.35,-0.013,1.42
2020-11-26,0.54,0.537,0.545,0.531,877809,47178239.0,2.59,-0.56,-0.003,1.62
2020-11-27,0.539,0.541,0.544,0.534,722095,38874859.0,1.86,0.74,0.004,1.33
2020-11-30,0.541,0.543,0.549,0.535,1169768,63678372.0,2.59,0.37,0.002,2.16
2020-12-01,0.543,0.561,0.562,0.542,1366974,75961859.0,3.68,3.31,0.018,2.52
2020-12-02,0.564,0.558,0.565,0.551,1724587,95894701.0,2.5,-0.53,-0.003,3.18
2020-12-03,0.556,0.564,0.567,0.554,833365,46771980.0,2.33,1.08,0.006,1.54
2020-12-04,0.564,0.571,0.572,0.56,1087316,61707084.0,2.13,1.24,0.007,2.01
2020-12-07,0.568,0.571,0.575,0.566,1060614,60587581.0,1.58,0.0,0.0,1.96
2020-12-08,0.572,0.577,0.581,0.572,970245,56035423.0,1.58,1.05,0.006,1.79
2020-12-09,0.578,0.566,0.582,0.566,1190332,68332494.0,2.77,-1.91,-0.011,2.2
2020-12-10,0.564,0.577,0.58,0.563,1049231,60236319.0,3.0,1.94,0.011,1.94
2020-12-11,0.577,0.575,0.584,0.569,1160955,66837725.0,2.6,-0.35,-0.002,2.14
2020-12-14,0.576,0.583,0.583,0.57,929589,53743463.0,2.26,1.39,0.008,1.72
2020-12-15,0.581,0.592,0.592,0.58,1134396,66542024.0,2.06,1.54,0.009,2.09
2020-12-16,0.592,0.592,0.594,0.584,922783,54400045.0,1.69,0.0,0.0,1.7
2020-12-17,0.59,0.599,0.599,0.586,863269,51189830.0,2.2,1.18,0.007,1.59
2020-12-18,0.599,0.599,0.604,0.592,971084,58103115.0,2.0,0.0,0.0,1.79
2020-12-21,0.597,0.62,0.621,0.597,1114853,68115835.0,4.01,3.51,0.021,2.06
2020-12-22,0.617,0.607,0.626,0.603,2067715,127502252.0,3.71,-2.1,-0.013,3.82
2020-12-23,0.609,0.617,0.624,0.608,1476534,90833730.0,2.64,1.65,0.01,2.72
2020-12-24,0.615,0.618,0.621,0.613,1089764,67308421.0,1.3,0.16,0.001,2.01
2020-12-25,0.614,0.624,0.624,0.609,1332198,82231339.0,2.43,0.97,0.006,2.46
2020-12-28,0.624,0.625,0.629,0.62,1295207,80879113.0,1.44,0.16,0.001,2.39
2020-12-29,0.623,0.612,0.624,0.608,1691094,103972035.0,2.56,-2.08,-0.013,3.12
2020-12-30,0.613,0.635,0.636,0.612,1324431,83113913.0,3.92,3.76,0.023,2.44
2020-12-31,0.639,0.658,0.658,0.638,2018052,130804331.0,3.15,3.62,0.023,3.72
2021-01-04,0.66,0.678,0.685,0.649,2435745,162643520.0,5.47,3.04,0.02,4.49
2021-01-05,0.67,0.681,0.683,0.666,1914236,129397272.0,2.51,0.44,0.003,3.53
2021-01-06,0.682,0.691,0.695,0.676,1692154,115913131.0,2.79,1.47,0.01,3.12
2021-01-07,0.688,0.714,0.714,0.687,2872281,201307343.0,3.91,3.33,0.023,5.3
2021-01-08,0.714,0.702,0.721,0.693,3275285,230032165.0,3.92,-1.68,-0.012,6.04
2021-01-11,0.703,0.691,0.706,0.682,3300468,229857214.0,3.42,-1.57,-0.011,6.09
2021-01-12,0.688,0.721,0.721,0.681,2901508,204255051.0,5.79,4.34,0.03,5.35
2021-01-13,0.72,0.715,0.735,0.706,3776271,272341104.0,4.02,-0.83,-0.006,6.97
2021-01-14,0.708,0.702,0.718,0.695,3208052,226101059.0,3.22,-1.82,-0.013,5.92
2021-01-15,0.7,0.698,0.705,0.679,3752337,260616055.0,3.7,-0.57,-0.004,6.92
2021-01-18,0.691,0.717,0.721,0.688,2858148,203287431.0,4.73,2.72,0.019,5.27
2021-01-19,0.718,0.701,0.72,0.697,2457275,174085546.0,3.21,-2.23,-0.016,4.53
2021-01-20,0.702,0.732,0.732,0.702,4743032,343489824.0,4.28,4.42,0.031,8.75
2021-01-21,0.734,0.757,0.762,0.732,3779764,282911616.0,4.1,3.42,0.025,6.97
2021-01-22,0.758,0.777,0.78,0.755,5257027,403050656.0,3.3,2.64,0.02,9.7
2021-01-25,0.78,0.784,0.804,0.773,7932749,623637792.0,3.99,0.9,0.007,14.64
2021-01-26,0.778,0.748,0.778,0.74,7954174,603716912.0,4.85,-4.59,-0.036,14.68
2021-01-27,0.749,0.758,0.762,0.733,5799563,434906736.0,3.88,1.34,0.01,10.7
2021-01-28,0.74,0.728,0.749,0.726,7729803,569604576.0,3.03,-3.96,-0.03,14.26
2021-01-29,0.735,0.721,0.745,0.703,8421399,612925600.0,5.77,-0.96,-0.007,15.54
2021-02-01,0.721,0.723,0.734,0.716,6453991,468179504.0,2.5,0.28,0.002,11.91
2021-02-02,0.727,0.741,0.743,0.718,5219832,382382608.0,3.46,2.49,0.018,9.63
2021-02-03,0.745,0.736,0.753,0.735,4985100,371080480.0,2.43,-0.67,-0.005,9.2
2021-02-04,0.73,0.736,0.744,0.725,4627499,340031664.0,2.58,0.0,0.0,8.54
2021-02-05,0.739,0.739,0.75,0.733,4113771,305767104.0,2.31,0.41,0.003,7.59
2021-02-08,0.742,0.756,0.757,0.726,4471312,332963248.0,4.19,2.3,0.017,8.25
2021-02-09,0.759,0.773,0.776,0.751,4365036,334183488.0,3.31,2.25,0.017,8.05
2021-02-10,0.776,0.789,0.794,0.767,5270093,411461040.0,3.49,2.07,0.016,9.72
2021-02-18,0.804,0.76,0.807,0.758,6165800,476249552.0,6.21,-3.68,-0.029,11.38
2021-02-19,0.752,0.746,0.757,0.725,5865171,434332880.0,4.21,-1.84,-0.014,10.82
2021-02-22,0.743,0.701,0.745,0.7,6922652,497771264.0,6.03,-6.03,-0.045,12.77
2021-02-23,0.69,0.693,0.707,0.689,4120348,286761968.0,2.57,-1.14,-0.008,7.6
2021-02-24,0.696,0.667,0.697,0.657,6483940,437814336.0,5.77,-3.75,-0.026,11.96
2021-02-25,0.672,0.662,0.676,0.659,3662911,244560778.0,2.55,-0.75,-0.005,6.76
2021-02-26,0.644,0.644,0.657,0.636,4186695,270179008.0,3.17,-2.72,-0.018,7.72
2021-03-01,0.654,0.665,0.665,0.647,3271240,215109809.0,2.8,3.26,0.021,6.04
2021-03-02,0.668,0.654,0.672,0.648,4131115,273506256.0,3.61,-1.65,-0.011,7.62
2021-03-03,0.651,0.663,0.663,0.645,3879799,254467951.0,2.75,1.38,0.009,7.16
2021-03-04,0.655,0.619,0.655,0.617,5381984,339557312.0,5.73,-6.64,-0.044,9.93
2021-03-05,0.604,0.63,0.635,0.604,4767163,297292000.0,5.01,1.78,0.011,8.8
2021-03-08,0.634,0.592,0.636,0.592,5122778,313856256.0,6.98,-6.03,-0.038,9.45
2021-03-09,0.591,0.571,0.597,0.566,4927306,286675952.0,5.24,-3.55,-0.021,9.09
2021-03-10,0.588,0.59,0.597,0.58,6058706,357561504.0,2.98,3.33,0.019,11.18
2021-03-11,0.588,0.606,0.613,0.586,4710212,283996624.0,4.58,2.71,0.016,8.69
2021-03-12,0.609,0.613,0.614,0.6,3704160,224994282.0,2.31,1.16,0.007,6.83
2021-03-15,0.606,0.58,0.607,0.572,5741365,336227200.0,5.71,-5.38,-0.033,10.59
2021-03-16,0.582,0.584,0.588,0.573,4358924,253162360.0,2.59,0.69,0.004,8.04
2021-03-17,0.578,0.59,0.595,0.572,6503966,380550784.0,3.94,1.03,0.006,12.0
2021-03-18,0.593,0.606,0.607,0.592,4946596,297939952.0,2.54,2.71,0.016,9.13
2021-03-19,0.592,0.583,0.599,0.58,4088958,240493546.0,3.14,-3.8,-0.023,7.54
2021-03-22,0.585,0.59,0.598,0.583,3141434,185520946.0,2.57,1.2,0.007,5.8
2021-03-23,0.591,0.584,0.596,0.577,2992701,175206790.0,3.22,-1.02,-0.006,5.52
2021-03-24,0.58,0.577,0.59,0.576,3727088,216857034.0,2.4,-1.2,-0.007,6.88
2021-03-25,0.573,0.584,0.587,0.569,4253405,246080918.0,3.12,1.21,0.007,7.85
2021-03-26,0.589,0.605,0.609,0.587,5512498,330557872.0,3.77,3.6,0.021,10.17
2021-03-29,0.605,0.602,0.612,0.596,3775646,228469683.0,2.64,-0.5,-0.003,6.97
2021-03-30,0.599,0.617,0.618,0.598,4501215,275672496.0,3.32,2.49,0.015,8.31
2021-03-31,0.615,0.61,0.616,0.603,3268036,198885817.0,2.11,-1.13,-0.007,6.03
2021-04-01,0.611,0.626,0.627,0.611,4104072,254819283.0,2.62,2.62,0.016,7.57
2021-04-02,0.628,0.637,0.642,0.627,3069242,195168881.0,2.4,1.76,0.011,5.66
2021-04-06,0.64,0.635,0.643,0.628,2592151,164441639.0,2.35,-0.31,-0.002,4.78
2021-04-07,0.635,0.628,0.636,0.62,3410702,213426537.0,2.52,-1.1,-0.007,6.29
2021-04-08,0.624,0.635,0.637,0.621,2426194,153452531.0,2.55,1.11,0.007,4.48
2021-04-09,0.634,0.626,0.638,0.622,2571248,161173124.0,2.52,-1.42,-0.009,4.74
2021-04-12,0.626,0.605,0.632,0.602,4411272,270645296.0,4.79,-3.35,-0.021,8.14
2021-04-13,0.604,0.61,0.619,0.604,3125759,191170125.0,2.48,0.83,0.005,5.77
2021-04-14,0.61,0.624,0.624,0.608,3585850,222361980.0,2.62,2.3,0.014,6.62
2021-04-15,0.62,0.621,0.623,0.611,2219561,136982415.0,1.92,-0.48,-0.003,4.1
2021-04-16,0.624,0.615,0.626,0.605,2798712,171888806.0,3.38,-0.97,-0.006,5.16
2021-04-19,0.614,0.642,0.642,0.61,4141599,261014137.0,5.2,4.39,0.027,7.64
2021-04-20,0.637,0.645,0.65,0.634,3591153,231276219.0,2.49,0.47,0.003,6.63
2021-04-21,0.637,0.65,0.651,0.637,2736498,176391794.0,2.17,0.78,0.005,5.05
2021-04-22,0.656,0.652,0.658,0.643,2819876,183288960.0,2.31,0.31,0.002,5.2
2021-04-23,0.65,0.675,0.68,0.65,3288324,220204406.0,4.6,3.53,0.023,6.07
2021-04-26,0.68,0.672,0.695,0.67,5185585,354552224.0,3.7,-0.44,-0.003,9.57
2021-04-27,0.672,0.685,0.685,0.668,3032436,205724424.0,2.53,1.93,0.013,5.6
2021-04-28,0.684,0.702,0.703,0.683,3754438,261594420.0,2.92,2.48,0.017,6.93
2021-04-29,0.703,0.702,0.705,0.69,3408966,238473240.0,2.14,0.0,0.0,6.29
2021-04-30,0.699,0.713,0.717,0.696,3219736,228385332.0,2.99,1.57,0.011,5.94
2021-05-06,0.707,0.691,0.709,0.679,5644641,389093504.0,4.21,-3.09,-0.022,10.42
2021-05-07,0.691,0.662,0.695,0.661,3493457,235927870.0,4.92,-4.2,-0.029,6.45
2021-05-10,0.661,0.665,0.674,0.657,3300875,219600538.0,2.57,0.45,0.003,6.09
2021-05-11,0.656,0.665,0.668,0.647,3955325,260545406.0,3.16,0.0,0.0,7.3
2021-05-12,0.66,0.674,0.677,0.654,3640554,242262227.0,3.46,1.35,0.009,6.72
2021-05-13,0.665,0.669,0.676,0.66,2881254,192343590.0,2.37,-0.74,-0.005,5.32
2021-05-14,0.672,0.691,0.692,0.666,3700809,252579986.0,3.89,3.29,0.022,6.83
2021-05-17,0.693,0.713,0.717,0.691,4107429,291887952.0,3.76,3.18,0.022,7.58
2021-05-18,0.713,0.709,0.717,0.702,2709349,191884263.0,2.1,-0.56,-0.004,5.0
2021-05-19,0.706,0.713,0.718,0.704,2478412,176531279.0,1.97,0.56,0.004,4.57
2021-05-20,0.713,0.722,0.726,0.712,3143066,226264453.0,1.96,1.26,0.009,5.8
2021-05-21,0.728,0.716,0.729,0.71,3375551,242848580.0,2.63,-0.83,-0.006,6.23
2021-05-24,0.716,0.719,0.724,0.702,2835451,202603948.0,3.07,0.42,0.003,5.23
2021-05-25,0.719,0.742,0.742,0.719,3802530,279020544.0,3.2,3.2,0.023,7.02
2021-05-26,0.742,0.735,0.742,0.73,2793476,205238579.0,1.62,-0.94,-0.007,5.15
2021-05-27,0.733,0.742,0.747,0.727,2344417,173052093.0,2.72,0.95,0.007,4.33
2021-05-28,0.741,0.742,0.757,0.737,3464913,259129806.0,2.7,0.0,0.0,6.39
2021-05-31,0.742,0.76,0.76,0.742,2704127,203493151.0,2.43,2.43,0.018,4.99
2021-06-01,0.758,0.76,0.762,0.742,3508725,264749734.0,2.63,0.0,0.0,6.47
2021-06-02,0.76,0.74,0.76,0.738,2951533,220455304.0,2.89,-2.63,-0.02,5.45
2021-06-03,0.74,0.73,0.746,0.73,3020603,223156976.0,2.16,-1.35,-0.01,5.57
2021-06-04,0.728,0.74,0.748,0.727,2895362,213579378.0,2.88,1.37,0.01,5.34
2021-06-07,0.737,0.739,0.74,0.729,2687037,197431670.0,1.49,-0.14,-0.001,4.96
2021-06-08,0.738,0.734,0.752,0.728,2858044,211338549.0,3.25,-0.68,-0.005,5.27
2021-06-09,0.732,0.739,0.741,0.728,2681880,197330194.0,1.77,0.68,0.005,4.95
2021-06-10,0.74,0.759,0.762,0.739,3837056,289645536.0,3.11,2.71,0.02,7.08
2021-06-11,0.762,0.766,0.769,0.753,2882069,219502911.0,2.11,0.92,0.007,5.32
2021-06-15,0.766,0.757,0.768,0.748,3290079,249263647.0,2.61,-1.17,-0.009,6.07
2021-06-16,0.756,0.717,0.756,0.716,5078207,370986784.0,5.28,-5.28,-0.04,9.37
2021-06-17,0.715,0.739,0.74,0.715,3421878,250545036.0,3.49,3.07,0.022,6.31
2021-06-18,0.741,0.759,0.762,0.741,3055218,230470929.0,2.84,2.71,0.02,5.64
2021-06-21,0.757,0.766,0.77,0.747,2619726,199179984.0,3.03,0.92,0.007,4.83
2021-06-22,0.766,0.768,0.77,0.752,2899861,220465933.0,2.35,0.26,0.002,5.35
2021-06-23,0.768,0.78,0.788,0.765,4081065,317317712.0,2.99,1.56,0.012,7.53
2021-06-24,0.78,0.768,0.783,0.766,2585891,199636604.0,2.18,-1.54,-0.012,4.77
2021-06-25,0.77,0.794,0.795,0.77,3460539,271631104.0,3.26,3.39,0.026,6.39
2021-06-28,0.793,0.81,0.816,0.791,3970841,320755936.0,3.15,2.02,0.016,7.33
2021-06-29,0.816,0.812,0.819,0.803,3660928,296685248.0,1.98,0.25,0.002,6.75
2021-06-30,0.814,0.836,0.839,0.808,3493880,288664064.0,3.82,2.96,0.024,6.45
2021-07-01,0.84,0.827,0.842,0.819,3535468,293637104.0,2.75,-1.08,-0.009,6.52
2021-07-02,0.821,0.796,0.821,0.796,5051780,407050672.0,3.02,-3.75,-0.031,9.32
2021-07-05,0.799,0.808,0.814,0.795,4192842,337430272.0,2.39,1.51,0.012,7.74
2021-07-06,0.808,0.793,0.814,0.776,5046028,399545696.0,4.7,-1.86,-0.015,9.31
2021-07-07,0.786,0.828,0.83,0.78,5234075,424095776.0,6.31,4.41,0.035,9.66
2021-07-08,0.832,0.836,0.849,0.831,4469925,375312768.0,2.17,0.97,0.008,8.25
2021-07-09,0.83,0.827,0.835,0.805,4555132,373853232.0,3.59,-1.08,-0.009,8.4
2021-07-12,0.84,0.861,0.868,0.831,5475122,467322752.0,4.47,4.11,0.034,10.1
2021-07-13,0.856,0.844,0.863,0.836,4435746,375860624.0,3.14,-1.97,-0.017,8.18
2021-07-14,0.841,0.838,0.856,0.827,4090883,344666416.0,3.44,-0.71,-0.006,7.55
2021-07-15,0.833,0.855,0.857,0.829,3770803,319120208.0,3.34,2.03,0.017,6.96
2021-07-16,0.851,0.823,0.852,0.822,4338650,362692784.0,3.51,-3.74,-0.032,8.01
2021-07-19,0.82,0.823,0.837,0.818,3510169,289930672.0,2.31,0.0,0.0,6.48
2021-07-20,0.816,0.833,0.835,0.815,3308428,273767600.0,2.43,1.22,0.01,6.1
2021-07-21,0.836,0.864,0.867,0.836,5139763,440273232.0,3.72,3.72,0.031,9.48
2021-07-22,0.866,0.861,0.868,0.853,4414061,379221216.0,1.74,-0.35,-0.003,8.14
2021-07-23,0.86,0.84,0.861,0.838,4393128,372715840.0,2.67,-2.44,-0.021,8.11
2021-07-26,0.837,0.813,0.842,0.791,5321869,435708576.0,6.07,-3.21,-0.027,9.82
2021-07-27,0.812,0.775,0.829,0.775,6042254,487006544.0,6.64,-4.67,-0.038,11.15
2021-07-28,0.766,0.786,0.792,0.748,4550090,352345952.0,5.68,1.42,0.011,8.4
2021-07-29,0.808,0.831,0.835,0.8,5431883,444200368.0,4.45,5.73,0.045,10.02
2021-07-30,0.83,0.822,0.838,0.813,3171991,261494798.0,3.01,-1.08,-0.009,5.85
2021-08-02,0.818,0.834,0.84,0.809,4404744,364853472.0,3.77,1.46,0.012,8.13
2021-08-03,0.836,0.824,0.839,0.819,3188256,263623268.0,2.4,-1.2,-0.01,5.88
2021-08-04,0.823,0.856,0.859,0.82,3727300,313651488.0,4.73,3.88,0.032,6.88
2021-08-05,0.851,0.846,0.854,0.837,3252470,274855008.0,1.99,-1.17,-0.01,6.0
2021-08-06,0.849,0.843,0.859,0.835,2330504,197221090.0,2.84,-0.35,-0.003,4.3
2021-08-09,0.834,0.83,0.835,0.816,3495891,288953168.0,2.25,-1.54,-0.013,6.45
2021-08-10,0.826,0.831,0.833,0.816,2666007,219878200.0,2.05,0.12,0.001,4.92
2021-08-11,0.826,0.825,0.834,0.821,2171142,179817043.0,1.56,-0.72,-0.006,4.01
2021-08-12,0.82,0.81,0.823,0.806,2579196,209803708.0,2.06,-1.82,-0.015,4.76
2021-08-13,0.801,0.802,0.824,0.798,2924439,236825187.0,3.21,-0.99,-0.008,5.4
2021-08-16,0.795,0.789,0.8,0.783,2284043,180748422.0,2.12,-1.62,-0.013,4.21
2021-08-17,0.787,0.771,0.796,0.768,2403910,188344898.0,3.55,-2.28,-0.018,4.44
2021-08-18,0.774,0.778,0.787,0.771,2654048,206433775.0,2.08,0.91,0.007,4.9
2021-08-19,0.779,0.787,0.794,0.772,3041612,237886633.0,2.83,1.16,0.009,5.61
2021-08-20,0.784,0.768,0.785,0.757,3752828,288834864.0,3.56,-2.41,-0.019,6.92
2021-08-23,0.771,0.791,0.792,0.771,2658268,207907842.0,2.73,2.99,0.023,4.9
2021-08-24,0.79,0.805,0.812,0.785,2147819,172176091.0,3.41,1.77,0.014,3.96
2021-08-25,0.805,0.81,0.811,0.796,1598471,128490259.0,1.86,0.62,0.005,2.95
2021-08-26,0.813,0.788,0.816,0.788,1891114,151318956.0,3.46,-2.72,-0.022,3.49
2021-08-27,0.787,0.791,0.8,0.785,1349725,106800434.0,1.9,0.38,0.003,2.49
2021-08-30,0.794,0.788,0.8,0.783,1503436,119063849.0,2.15,-0.38,-0.003,2.77
2021-08-31,0.787,0.776,0.788,0.765,2035254,157750845.0,2.92,-1.52,-0.012,3.76
2021-09-01,0.776,0.765,0.779,0.749,3397529,259548206.0,3.87,-1.42,-0.011,6.27
2021-09-02,0.765,0.757,0.77,0.753,2505304,190555297.0,2.22,-1.05,-0.008,4.62
2021-09-03,0.76,0.743,0.766,0.74,2519011,189431743.0,3.43,-1.85,-0.014,4.65
2021-09-06,0.745,0.778,0.779,0.74,3162871,241096368.0,5.25,4.71,0.035,5.84
2021-09-07,0.774,0.79,0.792,0.771,2146806,168077394.0,2.7,1.54,0.012,3.96
2021-09-08,0.79,0.779,0.8,0.778,2058622,162376982.0,2.78,-1.39,-0.011,3.8
2021-09-09,0.779,0.783,0.789,0.77,2349483,183265110.0,2.44,0.51,0.004,4.34
2021-09-10,0.783,0.788,0.79,0.776,1552117,121437664.0,1.79,0.64,0.005,2.86
2021-09-13,0.788,0.774,0.794,0.769,1539933,119752982.0,3.17,-1.78,-0.014,2.84
2021-09-14,0.774,0.787,0.799,0.771,2681078,211261602.0,3.62,1.68,0.013,4.95
2021-09-15,0.783,0.782,0.788,0.775,1406925,109847117.0,1.65,-0.64,-0.005,2.6
2021-09-16,0.782,0.757,0.783,0.755,1752104,134284426.0,3.58,-3.2,-0.025,3.23
2021-09-17,0.755,0.766,0.77,0.752,2433602,185394291.0,2.38,1.19,0.009,4.49
2021-09-22,0.755,0.76,0.765,0.753,919413,69908575.0,1.57,-0.78,-0.006,1.7
2021-09-23,0.766,0.762,0.772,0.758,1703901,130264086.0,1.84,0.26,0.002,3.14
2021-09-24,0.761,0.769,0.781,0.755,2229971,171393243.0,3.41,0.92,0.007,4.11
2021-09-27,0.773,0.768,0.786,0.76,2448107,190089792.0,3.38,-0.13,-0.001,4.52
2021-09-28,0.764,0.763,0.781,0.761,1762148,135602430.0,2.6,-0.65,-0.005,3.25
2021-09-29,0.757,0.752,0.765,0.749,2097795,158716941.0,2.1,-1.44,-0.011,3.87
2021-09-30,0.752,0.776,0.779,0.752,2756629,212001695.0,3.59,3.19,0.024,5.09
2021-10-08,0.786,0.771,0.79,0.763,2470915,191545632.0,3.48,-0.64,-0.005,4.56
2021-10-11,0.769,0.758,0.777,0.756,2107537,161407292.0,2.72,-1.69,-0.013,3.89
2021-10-12,0.754,0.738,0.76,0.729,3409919,254089483.0,4.09,-2.64,-0.02,6.29
2021-10-13,0.736,0.76,0.76,0.735,2673233,200614136.0,3.39,2.98,0.022,4.93
2021-10-14,0.757,0.769,0.776,0.757,3062503,235337535.0,2.5,1.18,0.009,5.65
2021-10-15,0.769,0.793,0.794,0.762,3644275,285970928.0,4.16,3.12,0.024,6.72
2021-10-18,0.794,0.803,0.804,0.784,4244058,336303824.0,2.52,1.26,0.01,7.83
2021-10-19,0.804,0.803,0.811,0.798,1851147,148869161.0,1.62,0.0,0.0,3.42
2021-10-20,0.802,0.804,0.815,0.801,2063797,167092740.0,1.74,0.12,0.001,3.81
2021-10-21,0.806,0.801,0.811,0.796,2024383,162679177.0,1.87,-0.37,-0.003,3.74
2021-10-22,0.804,0.803,0.81,0.796,1746205,140399130.0,1.75,0.25,0.002,3.22
2021-10-25,0.802,0.821,0.823,0.802,2054181,167539520.0,2.62,2.24,0.018,3.79
2021-10-26,0.826,0.819,0.84,0.817,2270843,187521534.0,2.8,-0.24,-0.002,4.19
2021-10-27,0.817,0.821,0.826,0.814,2715232,222403498.0,1.47,0.24,0.002,5.01
2021-10-28,0.821,0.81,0.829,0.806,2708505,221469197.0,2.8,-1.34,-0.011,5.0
2021-10-29,0.808,0.825,0.827,0.798,2672201,217035064.0,3.58,1.85,0.015,4.93
2021-11-01,0.822,0.814,0.829,0.807,2504959,204858979.0,2.67,-1.33,-0.011,4.62
2021-11-02,0.816,0.817,0.827,0.809,2959999,242763183.0,2.21,0.37,0.003,5.46
2021-11-03,0.814,0.805,0.822,0.797,2395242,193659875.0,3.06,-1.47,-0.012,4.42
2021-11-04,0.81,0.815,0.826,0.81,2353166,192687584.0,1.99,1.24,0.01,4.34
2021-11-05,0.813,0.812,0.823,0.809,1825326,148869073.0,1.72,-0.37,-0.003,3.37
2021-11-08,0.813,0.832,0.836,0.811,3060116,252588144.0,3.08,2.46,0.02,5.65
2021-11-09,0.833,0.841,0.841,0.83,2261735,188958021.0,1.32,1.08,0.009,4.17
2021-11-10,0.835,0.831,0.837,0.818,2232405,185131486.0,2.26,-1.19,-0.01,4.12
2021-11-11,0.831,0.844,0.844,0.829,1895008,159078224.0,1.81,1.56,0.013,3.5
2021-11-12,0.842,0.844,0.857,0.834,2093364,176217254.0,2.73,0.0,0.0,3.86
2021-11-15,0.844,0.825,0.845,0.822,2248249,186486881.0,2.73,-2.25,-0.019,4.15
2021-11-16,0.823,0.81,0.828,0.809,2715854,222346115.0,2.3,-1.82,-0.015,5.01
2021-11-17,0.815,0.823,0.826,0.814,2089402,171523636.0,1.48,1.6,0.013,3.86
2021-11-18,0.823,0.816,0.823,0.808,1941615,158238399.0,1.82,-0.85,-0.007,3.58
2021-11-19,0.816,0.824,0.824,0.812,1643507,134574740.0,1.47,0.98,0.008,3.03
2021-11-22,0.826,0.86,0.86,0.826,3008983,254901595.0,4.13,4.37,0.036,5.55
2021-11-23,0.857,0.854,0.864,0.853,2554417,219107324.0,1.28,-0.7,-0.006,4.71
2021-11-24,0.854,0.843,0.863,0.843,1886801,160691576.0,2.34,-1.29,-0.011,3.48
2021-11-25,0.844,0.848,0.851,0.842,1789478,151641977.0,1.07,0.59,0.005,3.3
2021-11-26,0.847,0.851,0.858,0.845,1380149,117577836.0,1.53,0.35,0.003,2.55
2021-11-29,0.843,0.869,0.869,0.841,2267116,195655401.0,3.29,2.12,0.018,4.18
2021-11-30,0.87,0.865,0.873,0.858,1827980,157924346.0,1.73,-0.46,-0.004,3.37
2021-12-01,0.864,0.857,0.869,0.851,2290638,196498600.0,2.08,-0.92,-0.008,4.23
2021-12-02,0.856,0.86,0.862,0.85,2373643,203418687.0,1.4,0.35,0.003,4.38
2021-12-03,0.86,0.859,0.865,0.849,2129124,182628796.0,1.86,-0.12,-0.001,3.93
2021-12-06,0.855,0.84,0.865,0.838,2610416,222108882.0,3.14,-2.21,-0.019,4.82
2021-12-07,0.844,0.825,0.848,0.815,3125374,258161209.0,3.93,-1.79,-0.015,5.77
2021-12-08,0.825,0.838,0.84,0.825,2653861,221330524.0,1.82,1.58,0.013,4.9
2021-12-09,0.836,0.841,0.843,0.829,1916982,160603551.0,1.67,0.36,0.003,3.54
2021-12-10,0.834,0.85,0.851,0.833,1479249,124862430.0,2.14,1.07,0.009,2.73
2021-12-13,0.85,0.851,0.854,0.843,1756474,149029105.0,1.29,0.12,0.001,3.24
2021-12-14,0.847,0.847,0.851,0.844,1167028,98927837.0,0.82,-0.47,-0.004,2.15
2021-12-15,0.846,0.842,0.856,0.841,1275053,108261730.0,1.77,-0.59,-0.005,2.35
2021-12-16,0.845,0.845,0.849,0.838,1070721,90401977.0,1.31,0.36,0.003,1.98
2021-12-17,0.842,0.827,0.846,0.826,1819785,151636805.0,2.37,-2.13,-0.018,3.36
2021-12-20,0.825,0.8,0.828,0.797,2051181,166305971.0,3.75,-3.26,-0.027,3.78
2021-12-21,0.801,0.8,0.808,0.787,1847263,147227272.0,2.63,0.0,0.0,3.41
2021-12-22,0.801,0.802,0.806,0.797,1025687,82345592.0,1.13,0.25,0.002,1.89
2021-12-23,0.804,0.804,0.81,0.8,1417157,114051019.0,1.25,0.25,0.002,2.61
2021-12-24,0.807,0.782,0.808,0.774,1797856,141263526.0,4.23,-2.74,-0.022,3.32
2021-12-27,0.778,0.778,0.784,0.772,943407,73454182.0,1.53,-0.51,-0.004,1.74
2021-12-28,0.78,0.79,0.792,0.776,1121132,87850540.0,2.06,1.54,0.012,2.07
2021-12-29,0.79,0.78,0.792,0.779,1802349,141156690.0,1.65,-1.27,-0.01,3.33
2021-12-30,0.781,0.791,0.794,0.779,1004375,79181860.0,1.92,1.41,0.011,1.85
2021-12-31,0.794,0.793,0.8,0.79,1930521,153189602.0,1.26,0.25,0.002,3.56
2022-01-04,0.798,0.769,0.801,0.763,2073187,160133018.0,4.79,-3.03,-0.024,3.83
2022-01-05,0.766,0.74,0.768,0.735,2702341,201690912.0,4.29,-3.77,-0.029,4.99
2022-01-06,0.733,0.733,0.737,0.722,2640234,193136490.0,2.03,-0.95,-0.007,4.87
2022-01-07,0.732,0.722,0.738,0.719,2031957,147831764.0,2.59,-1.5,-0.011,3.75
2022-01-10,0.72,0.715,0.725,0.708,1796656,128691082.0,2.35,-0.97,-0.007,3.32
2022-01-11,0.715,0.707,0.721,0.707,1758066,125393021.0,1.96,-1.12,-0.008,3.24
2022-01-12,0.717,0.734,0.734,0.717,2903244,210520025.0,2.4,3.82,0.027,5.36
2022-01-13,0.734,0.721,0.735,0.718,2127383,154186697.0,2.32,-1.77,-0.013,3.93
2022-01-14,0.714,0.73,0.733,0.71,2422351,175963543.0,3.19,1.25,0.009,4.47
2022-01-17,0.727,0.743,0.744,0.727,1791812,132261658.0,2.33,1.78,0.013,3.31
2022-01-18,0.741,0.74,0.749,0.736,1099885,81606294.0,1.75,-0.4,-0.003,2.03
2022-01-19,0.737,0.72,0.74,0.713,2906505,210097697.0,3.65,-2.7,-0.02,5.36
2022-01-20,0.718,0.717,0.726,0.714,1785931,128478323.0,1.67,-0.42,-0.003,3.3
2022-01-21,0.714,0.715,0.724,0.71,2166772,154955928.0,1.95,-0.28,-0.002,4.0
2022-01-24,0.711,0.726,0.732,0.71,2944180,212967190.0,3.08,1.54,0.011,5.43
2022-01-25,0.722,0.71,0.73,0.71,2676286,193174180.0,2.75,-2.2,-0.016,4.94
2022-01-26,0.714,0.723,0.724,0.709,2718312,194986541.0,2.11,1.83,0.013,5.02
2022-01-27,0.718,0.697,0.723,0.695,2505615,177705945.0,3.87,-3.6,-0.026,4.62
2022-01-28,0.703,0.696,0.709,0.688,3068008,215614292.0,3.01,-0.14,-0.001,5.66
2022-02-07,0.712,0.699,0.72,0.697,2338982,165788217.0,3.3,0.43,0.003,4.32
2022-02-08,0.699,0.678,0.699,0.662,2692081,181894161.0,5.29,-3.0,-0.021,4.97
2022-02-09,0.678,0.687,0.688,0.666,1991773,134991127.0,3.24,1.33,0.009,3.68
2022-02-10,0.687,0.67,0.689,0.663,3112302,208739741.0,3.78,-2.47,-0.017,5.74
2022-02-11,0.664,0.653,0.672,0.652,2812348,186427143.0,2.99,-2.54,-0.017,5.19
2022-02-14,0.647,0.642,0.661,0.636,2466714,159875212.0,3.83,-1.68,-0.011,4.55
2022-02-15,0.643,0.667,0.667,0.643,3015416,197695386.0,3.74,3.89,0.025,5.56
2022-02-16,0.669,0.666,0.676,0.664,1804914,120896178.0,1.8,-0.15,-0.001,3.33
2022-02-17,0.662,0.678,0.686,0.662,2226944,150413003.0,3.6,1.8,0.012,4.11
2022-02-18,0.673,0.672,0.675,0.666,1500076,100431599.0,1.33,-0.88,-0.006,2.77
2022-02-21,0.669,0.667,0.674,0.661,1215271,80911962.0,1.93,-0.74,-0.005,2.24
2022-02-22,0.66,0.659,0.662,0.65,1715393,112470898.0,1.8,-1.2,-0.008,3.17
2022-02-23,0.66,0.684,0.688,0.659,2415727,163214552.0,4.4,3.79,0.025,4.46
2022-02-24,0.678,0.68,0.69,0.666,2190866,148885974.0,3.51,-0.58,-0.004,4.04
2022-02-25,0.688,0.693,0.7,0.686,2541739,176287542.0,2.06,1.91,0.013,4.69
2022-02-28,0.693,0.701,0.703,0.69,2028036,141317874.0,1.88,1.15,0.008,3.74
2022-03-01,0.705,0.701,0.71,0.697,2243643,158015810.0,1.85,0.0,0.0,4.14
2022-03-02,0.695,0.687,0.698,0.68,2025890,139178499.0,2.57,-2.0,-0.014,3.74
2022-03-03,0.692,0.673,0.693,0.671,1776824,120529042.0,3.2,-2.04,-0.014,3.28
2022-03-04,0.667,0.659,0.676,0.658,2342008,156311578.0,2.67,-2.08,-0.014,4.32
2022-03-07,0.654,0.637,0.656,0.633,2618338,168417973.0,3.49,-3.34,-0.022,4.83
2022-03-08,0.635,0.63,0.644,0.623,3512075,223165474.0,3.3,-1.1,-0.007,6.48
2022-03-09,0.635,0.629,0.636,0.6,4350935,270368896.0,5.71,-0.16,-0.001,8.03
2022-03-10,0.645,0.648,0.655,0.64,3894050,252240132.0,2.38,3.02,0.019,7.18
2022-03-11,0.637,0.649,0.65,0.625,2724787,173523092.0,3.86,0.15,0.001,5.03
2022-03-14,0.64,0.626,0.642,0.625,2416317,153196597.0,2.62,-3.54,-0.023,4.46
2022-03-15,0.619,0.619,0.642,0.613,2815304,176412874.0,4.63,-1.12,-0.007,5.19
2022-03-16,0.63,0.655,0.656,0.612,5284064,337157376.0,7.11,5.82,0.036,9.75
2022-03-17,0.666,0.668,0.682,0.663,4220248,283701840.0,2.9,1.98,0.013,7.79
2022-03-18,0.662,0.664,0.666,0.653,3204611,211451916.0,1.95,-0.6,-0.004,5.91
2022-03-21,0.663,0.665,0.675,0.66,2796706,186733103.0,2.26,0.15,0.001,5.16
2022-03-22,0.661,0.657,0.664,0.653,1737868,114387737.0,1.65,-1.2,-0.008,3.21
2022-03-23,0.66,0.661,0.664,0.654,1760599,116175692.0,1.52,0.61,0.004,3.25
2022-03-24,0.656,0.655,0.661,0.643,2251863,146500481.0,2.72,-0.91,-0.006,4.15
2022-03-25,0.653,0.638,0.658,0.638,2195736,141807538.0,3.05,-2.6,-0.017,4.05
2022-03-28,0.633,0.628,0.635,0.622,1995835,125313106.0,2.04,-1.57,-0.01,3.68
2022-03-29,0.628,0.628,0.638,0.623,1929068,121694929.0,2.39,0.0,0.0,3.56
2022-03-30,0.633,0.654,0.654,0.631,3353828,216706870.0,3.66,4.14,0.026,6.19
2022-03-31,0.652,0.639,0.652,0.635,2389013,153069883.0,2.6,-2.29,-0.015,4.41
2022-04-01,0.633,0.64,0.649,0.631,1905532,122105893.0,2.82,0.16,0.001,3.52
2022-04-06,0.637,0.626,0.638,0.621,2283454,143004778.0,2.66,-2.19,-0.014,4.21
2022-04-07,0.621,0.615,0.628,0.615,2206825,136717237.0,2.08,-1.76,-0.011,4.07
2022-04-08,0.615,0.617,0.626,0.609,1997186,123213116.0,2.76,0.33,0.002,3.69
2022-04-11,0.61,0.583,0.61,0.58,3884151,228899360.0,4.86,-5.51,-0.034,7.17
2022-04-12,0.582,0.593,0.594,0.578,2172713,127408981.0,2.74,1.72,0.01,4.01
2022-04-13,0.588,0.583,0.592,0.58,1677596,98370376.0,2.02,-1.69,-0.01,3.1
2022-04-14,0.589,0.579,0.59,0.573,2551313,148241174.0,2.92,-0.69,-0.004,4.71
2022-04-15,0.571,0.572,0.58,0.563,3002313,171513412.0,2.94,-1.21,-0.007,5.54
2022-04-18,0.566,0.58,0.582,0.56,2220932,127174213.0,3.85,1.4,0.008,4.1
2022-04-19,0.578,0.576,0.588,0.573,1888419,109679658.0,2.59,-0.69,-0.004,3.48
2022-04-20,0.577,0.552,0.579,0.55,2875236,161466341.0,5.03,-4.17,-0.024,5.31
2022-04-21,0.547,0.542,0.557,0.538,2343777,128469566.0,3.44,-1.81,-0.01,4.32
2022-04-22,0.539,0.533,0.544,0.532,2482683,133157878.0,2.21,-1.66,-0.009,4.58
2022-04-25,0.518,0.503,0.526,0.501,4365567,224712998.0,4.69,-5.63,-0.03,8.05
2022-04-26,0.504,0.495,0.511,0.493,2316981,116291024.0,3.58,-1.59,-0.008,4.28
2022-04-27,0.488,0.535,0.535,0.487,5025196,255453952.0,9.7,8.08,0.04,9.27
2022-04-28,0.525,0.525,0.536,0.521,3164882,166674440.0,2.8,-1.87,-0.01,5.84
2022-04-29,0.531,0.552,0.554,0.523,3145043,169613652.0,5.9,5.14,0.027,5.8
2022-05-05,0.539,0.546,0.556,0.535,2713942,147985947.0,3.8,-1.09,-0.006,5.01
2022-05-06,0.536,0.538,0.548,0.53,2069798,111576838.0,3.3,-1.47,-0.008,3.82
2022-05-09,0.533,0.536,0.544,0.53,2054173,109966202.0,2.6,-0.37,-0.002,3.79
2022-05-10,0.53,0.548,0.555,0.526,2817474,153532578.0,5.41,2.24,0.012,5.2
2022-05-11,0.549,0.569,0.584,0.548,3854921,219546207.0,6.57,3.83,0.021,7.11
2022-05-12,0.566,0.57,0.574,0.563,1853196,105259427.0,1.93,0.18,0.001,3.42
2022-05-13,0.574,0.572,0.576,0.565,2080856,118521892.0,1.93,0.35,0.002,3.84
2022-05-16,0.574,0.565,0.582,0.563,3283356,186711807.0,3.32,-1.22,-0.007,6.06
2022-05-17,0.565,0.579,0.579,0.561,1940047,111058342.0,3.19,2.48,0.014,3.58
2022-05-18,0.58,0.579,0.584,0.576,2730457,158319242.0,1.38,0.0,0.0,5.04
2022-05-19,0.572,0.585,0.586,0.568,3839770,222552645.0,3.11,1.04,0.006,7.08
2022-05-20,0.588,0.592,0.594,0.583,2112382,124552695.0,1.88,1.2,0.007,3.9
2022-05-23,0.59,0.592,0.595,0.585,2269547,133911800.0,1.69,0.0,0.0,4.19
2022-05-24,0.59,0.571,0.593,0.569,2192513,127566899.0,4.05,-3.55,-0.021,4.05
2022-05-25,0.57,0.57,0.574,0.563,2030003,115327356.0,1.93,-0.18,-0.001,3.75
2022-05-26,0.57,0.569,0.577,0.557,1992404,113128052.0,3.51,-0.18,-0.001,3.68
2022-05-27,0.575,0.569,0.584,0.565,1788205,102939512.0,3.34,0.0,0.0,3.3
2022-05-30,0.57,0.575,0.578,0.567,1372266,78634814.0,1.93,1.05,0.006,2.53
2022-05-31,0.573,0.585,0.588,0.567,2558227,147464115.0,3.65,1.74,0.01,4.72
2022-06-01,0.585,0.59,0.594,0.581,1826595,107550628.0,2.22,0.85,0.005,3.37
2022-06-02,0.588,0.604,0.607,0.585,2861543,171691632.0,3.73,2.37,0.014,5.28
2022-06-06,0.604,0.633,0.635,0.603,3288234,205579150.0,5.3,4.8,0.029,6.07
2022-06-07,0.634,0.63,0.639,0.624,2272797,143435996.0,2.37,-0.47,-0.003,4.19
2022-06-08,0.629,0.631,0.633,0.614,3287284,205414800.0,3.02,0.16,0.001,6.07
2022-06-09,0.625,0.614,0.63,0.612,2745812,170206160.0,2.85,-2.69,-0.017,5.07
2022-06-10,0.61,0.63,0.63,0.608,1584417,98474996.0,3.58,2.61,0.016,2.92
2022-06-13,0.624,0.63,0.634,0.62,1556594,97699081.0,2.22,0.0,0.0,2.87
2022-06-14,0.623,0.628,0.633,0.608,2518538,155729026.0,3.97,-0.32,-0.002,4.65
2022-06-15,0.63,0.633,0.648,0.629,2491156,159160847.0,3.03,0.8,0.005,4.6
2022-06-16,0.634,0.635,0.645,0.632,1725933,110172376.0,2.05,0.32,0.002,3.18
2022-06-17,0.631,0.651,0.654,0.629,2168393,139784580.0,3.94,2.52,0.016,4.0
2022-06-20,0.654,0.663,0.67,0.652,1855528,122772362.0,2.76,1.84,0.012,3.42
2022-06-21,0.661,0.655,0.665,0.65,2270217,149378262.0,2.26,-1.21,-0.008,4.19
2022-06-22,0.656,0.653,0.665,0.652,1481510,97633497.0,1.98,-0.31,-0.002,2.73
2022-06-23,0.654,0.675,0.675,0.651,1919205,127618123.0,3.68,3.37,0.022,3.54
2022-06-24,0.676,0.69,0.69,0.674,1886019,128776366.0,2.37,2.22,0.015,3.48
2022-06-27,0.692,0.695,0.702,0.69,2094747,145863491.0,1.74,0.72,0.005,3.87
2022-06-28,0.696,0.702,0.703,0.684,1931405,133431361.0,2.73,1.01,0.007,3.56
2022-06-29,0.698,0.678,0.699,0.677,3017122,207480818.0,3.13,-3.42,-0.024,5.57
2022-06-30,0.681,0.689,0.695,0.677,1743581,119904555.0,2.65,1.62,0.011,3.22
2022-07-01,0.687,0.687,0.693,0.683,1376514,94729963.0,1.45,-0.29,-0.002,2.54
2022-07-04,0.682,0.703,0.703,0.677,2341119,162623273.0,3.78,2.33,0.016,4.32
2022-07-05,0.704,0.704,0.711,0.691,1826335,128048761.0,2.84,0.14,0.001,3.37
2022-07-06,0.7,0.699,0.709,0.691,4031391,282709984.0,2.56,-0.71,-0.005,7.44
2022-07-07,0.697,0.705,0.708,0.693,1746800,122604415.0,2.15,0.86,0.006,3.22
2022-07-08,0.707,0.69,0.711,0.69,2214330,154742721.0,2.98,-2.13,-0.015,4.09
2022-07-11,0.687,0.68,0.688,0.673,1879474,127803512.0,2.17,-1.45,-0.01,3.47
2022-07-12,0.68,0.664,0.685,0.663,2412565,162175084.58,3.24,-2.35,-0.016,4.45
2022-07-13,0.666,0.672,0.674,0.657,1710741,113856956.228,2.56,1.2,0.008,3.16
2022-07-14,0.668,0.688,0.693,0.668,2242261,153472374.684,3.72,2.38,0.016,4.14
2022-07-15,0.688,0.676,0.694,0.676,1307763,89758390.276,2.62,-1.74,-0.012,2.41
2022-07-18,0.679,0.682,0.686,0.669,1786409,121096667.045,2.51,0.89,0.006,3.3
2022-07-19,0.682,0.672,0.683,0.671,1229903,83133585.962,1.76,-1.47,-0.01,2.27
2022-07-20,0.675,0.679,0.685,0.675,1150623,78299475.001,1.49,1.04,0.007,2.12
2022-07-21,0.678,0.678,0.69,0.673,1489733,101760991.968,2.5,-0.15,-0.001,2.75
2022-07-22,0.682,0.674,0.685,0.667,1884457,127154349.086,2.65,-0.59,-0.004,3.48
2022-07-25,0.672,0.666,0.676,0.663,1267286,84710323.594,1.93,-1.19,-0.008,2.34
2022-07-26,0.665,0.672,0.675,0.661,1162835,77688266.3,2.1,0.9,0.006,2.15
2022-07-27,0.669,0.673,0.677,0.667,890756,59866203.4,1.49,0.15,0.001,1.64
2022-07-28,0.676,0.67,0.68,0.669,1598694,107851473.7,1.63,-0.45,-0.003,2.95
2022-07-29,0.672,0.662,0.673,0.662,1474846,98238530.384,1.64,-1.19,-0.008,2.72
2022-08-01,0.659,0.677,0.677,0.653,2070694,137802786.72,3.63,2.27,0.015,3.82
2022-08-02,0.67,0.663,0.675,0.659,1657216,110484444.877,2.36,-2.07,-0.014,3.06
2022-08-03,0.665,0.654,0.673,0.652,1824030,120942582.184,3.17,-1.36,-0.009,3.37
2022-08-04,0.659,0.66,0.664,0.651,1844338,121448145.363,1.99,0.92,0.006,3.4
2022-08-05,0.66,0.671,0.671,0.657,2114117,140657604.427,2.12,1.67,0.011,3.9
2022-08-08,0.668,0.673,0.674,0.664,1804574,120928278.3,1.49,0.3,0.002,3.33
2022-08-09,0.673,0.678,0.679,0.668,2281318,153730874.139,1.63,0.74,0.005,4.21
2022-08-10,0.677,0.671,0.68,0.667,1696438,114193227.161,1.92,-1.03,-0.007,3.13
2022-08-11,0.674,0.686,0.686,0.665,3819412,258835992.372,3.13,2.24,0.015,7.05
2022-08-12,0.686,0.674,0.686,0.673,1837342,124644204.025,1.9,-1.75,-0.012,3.39
2022-08-15,0.671,0.68,0.686,0.67,3120663,212325530.343,2.37,0.89,0.006,5.76
2022-08-16,0.683,0.686,0.692,0.679,2299052,157876730.439,1.91,0.88,0.006,4.24
2022-08-17,0.685,0.687,0.69,0.678,1830321,125502073.712,1.75,0.15,0.001,3.38
2022-08-18,0.687,0.694,0.694,0.684,2320968,160379405.926,1.46,1.02,0.007,4.28
2022-08-19,0.694,0.679,0.695,0.679,2888352,198569770.2,2.31,-2.16,-0.015,5.33
2022-08-22,0.679,0.69,0.69,0.674,2179442,148561630.231,2.36,1.62,0.011,4.02
2022-08-23,0.688,0.69,0.693,0.685,2242521,154582058.181,1.16,0.0,0.0,4.14
2022-08-24,0.693,0.667,0.693,0.666,2572926,174283805.636,3.91,-3.33,-0.023,4.75
2022-08-25,0.668,0.665,0.671,0.655,1850378,122650932.545,2.4,-0.3,-0.002,3.41
2022-08-26,0.663,0.654,0.666,0.653,2158691,142513400.047,1.95,-1.65,-0.011,3.98
2022-08-29,0.643,0.654,0.658,0.643,1627690,106278551.627,2.29,0.0,0.0,3.0
2022-08-30,0.654,0.655,0.658,0.65,1602864,104709720.752,1.22,0.15,0.001,2.96
2022-08-31,0.652,0.64,0.656,0.637,2240384,144290343.344,2.9,-2.29,-0.015,4.13
2022-09-01,0.64,0.632,0.646,0.631,1633992,104246340.364,2.34,-1.25,-0.008,3.01
2022-09-02,0.634,0.632,0.637,0.626,1700214,107322059.73,1.74,0.0,0.0,3.14
2022-09-05,0.629,0.636,0.639,0.627,1780693,112853437.841,1.9,0.63,0.004,3.29
2022-09-06,0.636,0.644,0.644,0.63,1652557,105263099.159,2.2,1.26,0.008,3.05
2022-09-07,0.64,0.652,0.659,0.64,1780966,116117402.216,2.95,1.24,0.008,3.29
2022-09-08,0.653,0.647,0.656,0.645,1668149,108651956.4,1.69,-0.77,-0.005,3.08
2022-09-09,0.647,0.648,0.65,0.642,1949862,125945117.462,1.24,0.15,0.001,3.6
2022-09-13,0.65,0.648,0.652,0.643,857680,55576569.214,1.39,0.0,0.0,1.58
2022-09-14,0.641,0.637,0.646,0.634,1435335,91719920.918,1.85,-1.7,-0.011,2.65
2022-09-15,0.638,0.609,0.64,0.604,2496175,154765651.08,5.65,-4.4,-0.028,4.61
2022-09-16,0.606,0.6,0.612,0.598,1679489,101635432.626,2.3,-1.48,-0.009,3.1
2022-09-19,0.599,0.595,0.608,0.591,1850871,110878365.418,2.83,-0.83,-0.005,3.42
2022-09-20,0.598,0.601,0.611,0.595,2017276,121513263.0,2.69,1.01,0.006,3.72
2022-09-21,0.599,0.592,0.601,0.59,1803923,107201615.8,1.83,-1.5,-0.009,3.33
2022-09-22,0.588,0.593,0.599,0.582,1874989,110877440.56,2.87,0.17,0.001,3.46
2022-09-23,0.591,0.584,0.596,0.577,2416612,141449295.064,3.2,-1.52,-0.009,4.46
2022-09-26,0.581,0.593,0.602,0.58,2397734,141945432.644,3.77,1.54,0.009,4.42
2022-09-27,0.594,0.601,0.601,0.593,2175829,129912226.595,1.35,1.35,0.008,4.01
2022-09-28,0.598,0.583,0.601,0.582,1901308,112096013.826,3.16,-3.0,-0.018,3.51
2022-09-29,0.587,0.59,0.594,0.583,1793611,105613015.917,1.89,1.2,0.007,3.31
2022-09-30,0.588,0.574,0.6,0.572,2114626,123095331.969,4.75,-2.71,-0.016,3.9
2022-10-10,0.574,0.56,0.577,0.558,2014097,114319860.776,3.31,-2.44,-0.014,3.72
2022-10-11,0.561,0.564,0.57,0.561,1828151,103390294.078,1.61,0.71,0.004,3.37
2022-10-12,0.564,0.583,0.583,0.555,2671871,151530234.5,4.96,3.37,0.019,4.93
2022-10-13,0.579,0.581,0.592,0.576,2654083,155271350.548,2.74,-0.34,-0.002,4.9
2022-10-14,0.587,0.596,0.6,0.579,4853479,287764015.368,3.61,2.58,0.015,8.96
2022-10-17,0.593,0.594,0.597,0.585,1966494,116338664.3,2.01,-0.34,-0.002,3.63
2022-10-18,0.597,0.595,0.602,0.591,2622243,156282924.61,1.85,0.17,0.001,4.84
2022-10-19,0.594,0.592,0.604,0.592,1746445,104373475.528,2.02,-0.5,-0.003,3.22
2022-10-20,0.59,0.585,0.595,0.574,2050020,119617940.1,3.55,-1.18,-0.007,3.78
2022-10-21,0.585,0.581,0.587,0.578,1556327,90561315.8,1.54,-0.68,-0.004,2.87
2022-10-24,0.58,0.574,0.588,0.57,2835958,164563408.676,3.1,-1.2,-0.007,5.23
2022-10-25,0.571,0.569,0.578,0.56,2793528,158686374.244,3.14,-0.87,-0.005,5.15
2022-10-26,0.57,0.578,0.586,0.569,2043114,117988446.723,2.99,1.58,0.009,3.77
2022-10-27,0.577,0.569,0.584,0.568,1509589,86948608.869,2.77,-1.56,-0.009,2.79
2022-10-28,0.565,0.548,0.567,0.545,2423655,134540706.134,3.87,-3.69,-0.021,4.47
2022-10-31,0.545,0.548,0.557,0.543,2103670,115711490.552,2.55,0.0,0.0,3.88
2022-11-01,0.551,0.562,0.562,0.545,2289199,126774976.9,3.1,2.55,0.014,4.22
2022-11-02,0.562,0.572,0.576,0.558,2415991,136784149.303,3.2,1.78,0.01,4.46
2022-11-03,0.569,0.575,0.579,0.567,1711245,98363661.476,2.1,0.52,0.003,3.16
2022-11-04,0.575,0.596,0.597,0.574,2614858,154116048.79,4.0,3.65,0.021,4.82
2022-11-07,0.596,0.595,0.6,0.588,1527455,90934035.6,2.01,-0.17,-0.001,2.82
2022-11-08,0.597,0.59,0.598,0.586,1076241,63675585.1,2.02,-0.84,-0.005,1.99
2022-11-09,0.591,0.581,0.592,0.581,1340925,78538453.3,1.86,-1.53,-0.009,2.47
2022-11-10,0.579,0.57,0.581,0.566,2055864,117695634.238,2.58,-1.89,-0.011,3.79
2022-11-11,0.589,0.581,0.593,0.578,3796069,221911831.903,2.63,1.93,0.011,7.0
2022-11-14,0.58,0.567,0.583,0.564,3201323,183200604.236,3.27,-2.41,-0.014,5.91
2022-11-15,0.566,0.581,0.581,0.563,2374813,135971519.2,3.17,2.47,0.014,4.38
2022-11-16,0.581,0.572,0.582,0.57,1915425,110094836.7,2.07,-1.55,-0.009,3.53
2022-11-17,0.57,0.564,0.571,0.555,2726673,152498453.707,2.8,-1.4,-0.008,5.03
2022-11-18,0.562,0.563,0.571,0.561,2566448,145608918.072,1.77,-0.18,-0.001,4.74
2022-11-21,0.56,0.564,0.567,0.558,1603651,90222205.031,1.6,0.18,0.001,2.96
2022-11-22,0.564,0.554,0.565,0.553,1483226,82846871.3,2.13,-1.77,-0.01,2.74
2022-11-23,0.553,0.559,0.563,0.546,1910639,105860338.6,3.07,0.9,0.005,3.53
2022-11-24,0.561,0.561,0.565,0.557,1839045,103123017.97,1.43,0.36,0.002,3.39
2022-11-25,0.558,0.551,0.558,0.55,2919069,161549646.843,1.43,-1.78,-0.01,5.39
2022-11-28,0.54,0.548,0.55,0.54,1237024,67298234.431,1.81,-0.54,-0.003,2.28
2022-11-29,0.548,0.553,0.556,0.546,1263094,69670462.553,1.82,0.91,0.005,2.33
2022-11-30,0.553,0.555,0.559,0.55,2731006,151361928.5,1.63,0.36,0.002,5.04
2022-12-01,0.566,0.565,0.571,0.563,3123142,177432568.23,1.44,1.8,0.01,5.76
2022-12-02,0.565,0.568,0.575,0.562,1469066,83652135.5,2.3,0.53,0.003,2.71
2022-12-05,0.57,0.565,0.572,0.561,4043110,228235900.4,1.94,-0.53,-0.003,7.46
2022-12-06,0.562,0.568,0.573,0.561,1921377,108758515.184,2.12,0.53,0.003,3.55
2022-12-07,0.566,0.577,0.58,0.565,3885943,223808130.743,2.64,1.58,0.009,7.17
2022-12-08,0.577,0.575,0.58,0.57,1570321,90305293.459,1.73,-0.35,-0.002,2.9
2022-12-09,0.576,0.577,0.579,0.57,2008190,115606986.931,1.57,0.35,0.002,3.71
2022-12-12,0.578,0.574,0.58,0.572,1402942,80642401.053,1.39,-0.52,-0.003,2.59
2022-12-13,0.574,0.563,0.575,0.562,1296888,73679535.7,2.26,-1.92,-0.011,2.39
2022-12-14,0.564,0.559,0.568,0.559,1122108,63085183.5,1.6,-0.71,-0.004,2.07
2022-12-15,0.557,0.572,0.572,0.557,1748919,98983025.643,2.68,2.33,0.013,3.23
2022-12-16,0.568,0.561,0.569,0.559,1890409,106568398.9,1.75,-1.92,-0.011,3.49
2022-12-19,0.562,0.56,0.568,0.557,1781249,99962415.8,1.96,-0.18,-0.001,3.29
2022-12-20,0.558,0.551,0.56,0.551,1472701,81572188.3,1.61,-1.61,-0.009,2.72
2022-12-21,0.551,0.549,0.553,0.546,1031868,56678604.869,1.27,-0.36,-0.002,1.9
2022-12-22,0.552,0.544,0.553,0.542,1130079,61892881.5,2.0,-0.91,-0.005,2.09
2022-12-23,0.541,0.541,0.544,0.536,1664486,89810587.96,1.47,-0.55,-0.003,3.07
2022-12-26,0.54,0.556,0.557,0.54,1630470,89772996.605,3.14,2.77,0.015,3.01
2022-12-27,0.557,0.564,0.564,0.553,1167223,65371444.859,1.98,1.44,0.008,2.15
2022-12-28,0.561,0.558,0.562,0.554,1242346,69323226.97,1.42,-1.06,-0.006,2.29
2022-12-29,0.556,0.563,0.565,0.555,1030086,57782455.0,1.79,0.9,0.005,1.9
2022-12-30,0.565,0.563,0.568,0.561,1149544,64841448.6,1.24,0.0,0.0,2.12
2023-01-03,0.561,0.566,0.567,0.554,2359760,132659331.517,2.31,0.53,0.003,4.35
2023-01-04,0.568,0.556,0.568,0.554,1434964,80155290.6,2.47,-1.77,-0.01,2.65
2023-01-05,0.556,0.567,0.569,0.556,1833605,103388288.142,2.34,1.98,0.011,3.38
2023-01-06,0.566,0.577,0.581,0.564,2694622,154973199.098,3.0,1.76,0.01,4.97
2023-01-09,0.579,0.579,0.585,0.576,2317734,134367280.4,1.56,0.35,0.002,4.28
2023-01-10,0.58,0.586,0.587,0.576,1984797,115683097.146,1.9,1.21,0.007,3.66
2023-01-11,0.586,0.578,0.587,0.577,3206032,186604737.752,1.71,-1.37,-0.008,5.92
2023-01-12,0.58,0.58,0.587,0.579,1265584,73784244.782,1.38,0.35,0.002,2.34
2023-01-13,0.585,0.584,0.585,0.578,1868414,108758235.188,1.21,0.69,0.004,3.45
2023-01-16,0.584,0.592,0.598,0.583,2292818,135824446.505,2.57,1.37,0.008,4.23
2023-01-17,0.594,0.594,0.597,0.592,1350038,80248103.702,0.84,0.34,0.002,2.49
2023-01-18,0.595,0.594,0.597,0.591,1708915,101540112.533,1.01,0.0,0.0,3.15
2023-01-19,0.594,0.596,0.597,0.59,1027851,61085181.788,1.18,0.34,0.002,1.9
2023-01-20,0.599,0.602,0.605,0.599,1873644,112855159.237,1.01,1.01,0.006,3.46
2023-01-30,0.617,0.61,0.619,0.608,2049181,125725994.598,1.83,1.33,0.008,3.78
2023-01-31,0.609,0.605,0.613,0.604,2402097,146135435.233,1.48,-0.82,-0.005,4.43
2023-02-01,0.606,0.61,0.612,0.601,2106789,127944404.619,1.82,0.83,0.005,3.89
2023-02-02,0.611,0.607,0.614,0.605,1984736,120903433.28,1.48,-0.49,-0.003,3.66
2023-02-03,0.605,0.602,0.608,0.594,2404552,144418652.188,2.31,-0.82,-0.005,4.44
2023-02-06,0.596,0.595,0.599,0.591,1723005,102545342.632,1.33,-1.16,-0.007,3.18
2023-02-07,0.596,0.593,0.599,0.588,1218452,72330649.159,1.85,-0.34,-0.002,2.25
2023-02-08,0.592,0.59,0.597,0.589,1262312,74878014.301,1.35,-0.51,-0.003,2.33
2023-02-09,0.589,0.602,0.602,0.588,1372445,81886739.4,2.37,2.03,0.012,2.53
2023-02-10,0.602,0.595,0.603,0.591,1527290,90814919.751,1.99,-1.16,-0.007,2.82
2023-02-13,0.595,0.603,0.603,0.594,1307709,78483754.126,1.51,1.34,0.008,2.41
2023-02-14,0.604,0.6,0.605,0.598,812228,48793535.4,1.16,-0.5,-0.003,1.5
2023-02-15,0.6,0.597,0.604,0.596,1007313,60240154.96,1.33,-0.5,-0.003,1.86
2023-02-16,0.598,0.589,0.601,0.586,2034643,121066089.1,2.51,-1.34,-0.008,3.75
2023-02-17,0.588,0.575,0.59,0.575,1816039,105602890.571,2.55,-2.38,-0.014,3.35
2023-02-20,0.575,0.581,0.582,0.568,1265800,72722120.614,2.43,1.04,0.006,2.34
2023-02-21,0.58,0.578,0.581,0.574,1078412,62295007.049,1.2,-0.52,-0.003,1.99
2023-02-22,0.575,0.576,0.58,0.573,890138,51317366.216,1.21,-0.35,-0.002,1.64
2023-02-23,0.575,0.579,0.58,0.575,979576,56619768.495,0.87,0.52,0.003,1.81
2023-02-24,0.579,0.574,0.579,0.573,870814,50172785.0,1.04,-0.86,-0.005,1.61
2023-02-27,0.571,0.572,0.578,0.569,921177,52734908.935,1.57,-0.35,-0.002,1.7
2023-02-28,0.573,0.576,0.577,0.57,1347725,77357320.459,1.22,0.7,0.004,2.49
2023-03-01,0.576,0.575,0.576,0.571,1296899,74404910.999,0.87,-0.17,-0.001,2.39
2023-03-02,0.574,0.568,0.576,0.568,1277137,72928987.4,1.39,-1.22,-0.007,2.36
2023-03-03,0.57,0.57,0.572,0.566,3492286,199153727.472,1.06,0.35,0.002,6.44
2023-03-06,0.571,0.577,0.579,0.565,2049609,117435711.344,2.46,1.23,0.007,3.78
2023-03-07,0.577,0.567,0.578,0.566,1877859,107338093.067,2.08,-1.73,-0.01,3.46
2023-03-08,0.565,0.565,0.57,0.562,1777978,100462129.397,1.41,-0.35,-0.002,3.28
2023-03-09,0.565,0.565,0.568,0.562,1099960,62139387.076,1.06,0.0,0.0,2.03
2023-03-10,0.563,0.563,0.567,0.559,3330538,187480403.912,1.42,-0.35,-0.002,6.15
2023-03-13,0.562,0.56,0.565,0.557,1460249,81827065.207,1.42,-0.53,-0.003,2.69
2023-03-14,0.56,0.556,0.561,0.547,2425201,134149411.904,2.5,-0.71,-0.004,4.47
2023-03-15,0.558,0.552,0.563,0.551,1856196,103374596.3,2.16,-0.72,-0.004,3.42
2023-03-16,0.55,0.543,0.553,0.541,2879469,157350608.736,2.17,-1.63,-0.009,5.31
2023-03-17,0.548,0.535,0.549,0.532,5275861,283821437.007,3.13,-1.47,-0.008,9.73
2023-03-20,0.535,0.534,0.54,0.528,3787511,202213690.048,2.24,-0.19,-0.001,6.99
2023-03-21,0.536,0.547,0.547,0.535,3508794,189839795.004,2.25,2.43,0.013,6.47
2023-03-22,0.55,0.546,0.552,0.544,4093964,224275116.184,1.46,-0.18,-0.001,7.55
2023-03-23,0.546,0.547,0.549,0.544,3012170,164791957.993,0.92,0.18,0.001,5.56
2023-03-24,0.549,0.547,0.55,0.544,2585574,141460188.742,1.1,0.0,0.0,4.77
2023-03-27,0.547,0.554,0.554,0.544,3592206,198089445.57,1.83,1.28,0.007,6.63
2023-03-28,0.554,0.553,0.555,0.551,2047153,113233049.678,0.72,-0.18,-0.001,3.78
2023-03-29,0.552,0.552,0.557,0.551,2059743,114135737.99,1.08,-0.18,-0.001,3.8
2023-03-30,0.552,0.556,0.556,0.55,2036509,112671857.642,1.09,0.72,0.004,3.76
2023-03-31,0.556,0.559,0.562,0.555,1982846,110783290.0,1.26,0.54,0.003,3.66
2023-04-03,0.559,0.559,0.561,0.555,2300736,128442755.944,1.07,0.0,0.0,4.25
2023-04-04,0.558,0.555,0.559,0.549,2387486,132030818.005,1.79,-0.72,-0.004,4.41
2023-04-06,0.552,0.556,0.556,0.55,1793302,99140963.736,1.08,0.18,0.001,3.31
2023-04-07,0.555,0.561,0.562,0.554,2194435,122848360.715,1.44,0.9,0.005,4.05
2023-04-10,0.562,0.566,0.567,0.56,2759238,155635177.714,1.25,0.89,0.005,5.09
2023-04-11,0.566,0.562,0.57,0.56,1856154,104767485.6,1.77,-0.71,-0.004,3.42
2023-04-12,0.562,0.557,0.563,0.556,2207115,123169137.9,1.25,-0.89,-0.005,4.07
2023-04-13,0.556,0.556,0.56,0.553,1563180,86948916.7,1.26,-0.18,-0.001,2.88
2023-04-14,0.556,0.564,0.564,0.556,2247352,126202555.1,1.44,1.44,0.008,4.15
2023-04-17,0.565,0.563,0.567,0.561,1483277,83639106.227,1.06,-0.18,-0.001,2.74
2023-04-18,0.562,0.565,0.567,0.562,1669503,94287473.03,0.89,0.36,0.002,3.08
2023-04-19,0.565,0.563,0.565,0.56,1267682,71327171.282,0.88,-0.35,-0.002,2.34
2023-04-20,0.561,0.555,0.562,0.552,1687749,93907805.165,1.78,-1.42,-0.008,3.11
2023-04-21,0.554,0.547,0.559,0.546,1956690,108215495.216,2.34,-1.44,-0.008,3.61
2023-04-24,0.547,0.54,0.549,0.536,1720277,93095834.721,2.38,-1.28,-0.007,3.17
2023-04-25,0.54,0.533,0.542,0.528,2079762,111057707.525,2.59,-1.3,-0.007,3.84
2023-04-26,0.531,0.546,0.548,0.53,3070310,166314830.529,3.38,2.44,0.013,5.67
2023-04-27,0.544,0.555,0.555,0.542,2152238,118147196.6,2.38,1.65,0.009,3.97
2023-04-28,0.553,0.55,0.554,0.546,2732223,150013603.182,1.44,-0.9,-0.005,5.04
2023-05-04,0.548,0.543,0.552,0.541,2026878,110504805.832,2.0,-1.27,-0.007,3.74
2023-05-05,0.541,0.535,0.543,0.532,1878572,100707546.054,2.03,-1.47,-0.008,3.47
2023-05-08,0.537,0.536,0.538,0.531,1914253,102361517.637,1.31,0.19,0.001,3.53
2023-05-09,0.536,0.527,0.536,0.526,2982297,158172564.362,1.87,-1.68,-0.009,5.5
2023-05-10,0.526,0.533,0.536,0.522,2376097,125569601.789,2.66,1.14,0.006,4.38
2023-05-11,0.533,0.536,0.542,0.532,1808819,97209087.469,1.88,0.56,0.003,3.34
2023-05-12,0.538,0.532,0.54,0.532,1411718,75660817.431,1.49,-0.75,-0.004,2.6
2023-05-15,0.533,0.545,0.546,0.533,3431209,185804884.206,2.44,2.44,0.013,6.33
2023-05-16,0.547,0.548,0.55,0.544,2060922,112753498.456,1.1,0.55,0.003,3.8
2023-05-17,0.547,0.547,0.55,0.543,2020466,110174821.848,1.28,-0.18,-0.001,3.73
2023-05-18,0.548,0.543,0.549,0.54,1830230,99714977.898,1.65,-0.73,-0.004,3.38
2023-05-19,0.542,0.546,0.55,0.54,3235353,176603292.211,1.84,0.55,0.003,5.97
2023-05-22,0.545,0.545,0.549,0.542,1776541,96844507.2,1.28,-0.18,-0.001,3.28
2023-05-23,0.545,0.538,0.547,0.536,1773563,96264250.4,2.02,-1.28,-0.007,3.27
2023-05-24,0.537,0.539,0.545,0.536,2289242,123673931.116,1.67,0.19,0.001,4.22
2023-05-25,0.539,0.541,0.544,0.537,2570550,139007600.6,1.3,0.37,0.002,4.74
2023-05-26,0.54,0.535,0.542,0.533,1920669,102941790.2,1.66,-1.11,-0.006,3.54
2023-05-29,0.537,0.53,0.539,0.528,3809719,202121227.551,2.06,-0.93,-0.005,7.03
2023-05-30,0.529,0.532,0.534,0.524,2100452,111112736.228,1.89,0.38,0.002,3.88
2023-05-31,0.532,0.527,0.532,0.524,1577434,83240339.7,1.5,-0.94,-0.005,2.91
2023-06-01,0.527,0.527,0.533,0.524,1803539,95415894.538,1.71,0.0,0.0,3.33
2023-06-02,0.528,0.532,0.535,0.528,1708227,90815395.14,1.33,0.95,0.005,3.15
2023-06-05,0.533,0.525,0.533,0.523,1666020,87527665.195,1.88,-1.32,-0.007,3.07
2023-06-06,0.523,0.516,0.524,0.515,1830353,95002814.883,1.71,-1.71,-0.009,3.38
2023-06-07,0.515,0.506,0.516,0.504,3059779,155490627.696,2.33,-1.94,-0.01,5.65
2023-06-08,0.505,0.505,0.509,0.503,1935354,97831157.55,1.19,-0.2,-0.001,3.57
2023-06-09,0.505,0.509,0.51,0.503,1681198,85121659.916,1.39,0.79,0.004,3.1
2023-06-12,0.509,0.512,0.515,0.508,1257878,64312210.616,1.38,0.59,0.003,2.32
2023-06-13,0.511,0.517,0.518,0.509,2302083,118411484.796,1.76,0.98,0.005,4.25
2023-06-14,0.517,0.521,0.523,0.516,2453406,127663422.458,1.35,0.77,0.004,4.53
2023-06-15,0.521,0.532,0.534,0.521,4025506,212376657.514,2.5,2.11,0.011,7.43
2023-06-16,0.533,0.548,0.548,0.532,4017766,217369380.953,3.01,3.01,0.016,7.41
2023-06-19,0.549,0.554,0.555,0.546,3244158,178745332.508,1.64,1.09,0.006,5.99
2023-06-20,0.554,0.557,0.559,0.551,2815024,156321762.893,1.44,0.54,0.003,5.19
2023-06-21,0.554,0.537,0.555,0.537,2663969,145300856.357,3.23,-3.59,-0.02,4.92
2023-06-26,0.531,0.525,0.537,0.524,3713763,196236656.41,2.42,-2.23,-0.012,6.85
2023-06-27,0.524,0.528,0.531,0.524,2112753,111462714.176,1.33,0.57,0.003,3.9
2023-06-28,0.526,0.522,0.527,0.515,1990333,103649946.2,2.27,-1.14,-0.006,3.67
2023-06-29,0.522,0.528,0.531,0.521,1452927,76554557.4,1.92,1.15,0.006,2.68
2023-06-30,0.525,0.535,0.537,0.523,3107395,165391293.5,2.65,1.33,0.007,5.73
2023-07-03,0.536,0.533,0.538,0.527,2922982,155456342.302,2.06,-0.37,-0.002,5.39
2023-07-04,0.534,0.53,0.534,0.527,2130418,112841440.84,1.31,-0.56,-0.003,3.93
2023-07-05,0.529,0.52,0.53,0.52,1599405,83837883.292,1.89,-1.89,-0.01,2.95
2023-07-06,0.518,0.518,0.526,0.518,1395166,72723838.2,1.54,-0.38,-0.002,2.57
2023-07-07,0.516,0.514,0.518,0.51,2023518,104062566.2,1.54,-0.77,-0.004,3.73
2023-07-10,0.515,0.517,0.519,0.513,1718870,88704172.95,1.17,0.58,0.003,3.17
2023-07-11,0.517,0.518,0.519,0.515,1746259,90254729.4,0.77,0.19,0.001,3.22
2023-07-12,0.518,0.509,0.519,0.507,2336075,119658008.2,2.32,-1.74,-0.009,4.31
2023-07-13,0.512,0.518,0.519,0.511,2354220,121250973.697,1.57,1.77,0.009,4.34
2023-07-14,0.519,0.517,0.521,0.517,1586018,82248243.477,0.77,-0.19,-0.001,2.93
2023-07-17,0.517,0.515,0.519,0.513,1198319,61823429.9,1.16,-0.39,-0.002,2.21
2023-07-18,0.515,0.51,0.517,0.509,1616040,82755841.6,1.55,-0.97,-0.005,2.98
2023-07-19,0.511,0.505,0.512,0.503,2098895,106289114.9,1.76,-0.98,-0.005,3.87
2023-07-20,0.506,0.495,0.507,0.493,3514346,175808846.5,2.77,-1.98,-0.01,6.48
2023-07-21,0.493,0.494,0.496,0.49,2523646,124509702.572,1.21,-0.2,-0.001,4.66
2023-07-24,0.492,0.49,0.497,0.489,2527774,124287442.788,1.62,-0.81,-0.004,4.66
2023-07-25,0.496,0.499,0.501,0.494,2930876,145752108.422,1.43,1.84,0.009,5.41
2023-07-26,0.498,0.495,0.498,0.493,2056063,101852179.69,1.0,-0.8,-0.004,3.79
2023-07-27,0.496,0.49,0.497,0.49,2681698,132249604.3,1.41,-1.01,-0.005,4.95
2023-07-28,0.488,0.496,0.496,0.487,2884026,142064397.05,1.84,1.22,0.006,5.32
2023-07-31,0.497,0.5,0.502,0.495,3699024,184531551.524,1.41,0.81,0.004,6.83
2023-08-01,0.499,0.496,0.5,0.494,2816356,140175092.4,1.2,-0.8,-0.004,5.2
2023-08-02,0.495,0.493,0.496,0.492,1522255,75215041.7,0.81,-0.6,-0.003,2.81
2023-08-03,0.493,0.496,0.498,0.492,1496006,74100376.3,1.22,0.61,0.003,2.76
2023-08-04,0.497,0.506,0.508,0.497,4335346,218228849.0,2.22,2.02,0.01,8.0
2023-08-07,0.506,0.504,0.507,0.502,1696605,85602415.6,0.99,-0.4,-0.002,3.13
2023-08-08,0.505,0.501,0.506,0.5,1908198,96078877.4,1.19,-0.6,-0.003,3.52
2023-08-09,0.499,0.497,0.501,0.495,1994114,99304761.137,1.2,-0.8,-0.004,3.68
2023-08-10,0.496,0.497,0.5,0.494,1477075,73443732.2,1.21,0.0,0.0,2.73
2023-08-11,0.497,0.488,0.499,0.487,2767311,136205796.1,2.41,-1.81,-0.009,5.11
2023-08-14,0.484,0.488,0.489,0.48,2468085,119331734.6,1.84,0.0,0.0,4.55
2023-08-15,0.488,0.483,0.491,0.479,1997398,96637411.7,2.46,-1.02,-0.005,3.69
2023-08-16,0.482,0.477,0.483,0.476,2011144,96374143.3,1.45,-1.24,-0.006,3.71
2023-08-17,0.475,0.481,0.482,0.472,1809937,86422163.3,2.1,0.84,0.004,3.34
2023-08-18,0.48,0.472,0.483,0.472,1891250,90364934.6,2.29,-1.87,-0.009,3.49
2023-08-21,0.472,0.464,0.472,0.464,2151964,100660676.52,1.69,-1.69,-0.008,3.97
2023-08-22,0.467,0.469,0.47,0.459,2731815,126916783.42,2.37,1.08,0.005,5.04
2023-08-23,0.466,0.457,0.468,0.456,1929526,88989931.2,2.56,-2.56,-0.012,3.56
2023-08-24,0.46,0.465,0.471,0.46,2499320,116242829.596,2.41,1.75,0.008,4.61
2023-08-25,0.463,0.455,0.463,0.453,2907506,133001047.81,2.15,-2.15,-0.01,5.36
2023-08-28,0.485,0.46,0.487,0.458,4218603,198121459.248,6.37,1.1,0.005,7.78
2023-08-29,0.459,0.474,0.478,0.458,3470272,163152898.694,4.35,3.04,0.014,6.4
2023-08-30,0.475,0.475,0.48,0.472,2233935,106304563.016,1.69,0.21,0.001,4.12
2023-08-31,0.475,0.473,0.476,0.471,1370494,64833067.017,1.05,-0.42,-0.002,2.53
2023-09-01,0.472,0.47,0.475,0.467,1506344,70830676.8,1.69,-0.63,-0.003,2.78
2023-09-04,0.472,0.472,0.473,0.465,1791691,84134900.7,1.7,0.43,0.002,3.31
2023-09-05,0.472,0.468,0.472,0.466,1443404,67651404.751,1.27,-0.85,-0.004,2.66
2023-09-06,0.466,0.464,0.467,0.462,1265117,58655803.0,1.07,-0.85,-0.004,2.33
2023-09-07,0.465,0.454,0.465,0.454,2264387,103516050.198,2.37,-2.16,-0.01,4.18
2023-09-08,0.452,0.448,0.453,0.446,2767078,124060994.462,1.54,-1.32,-0.006,5.11
2023-09-11,0.449,0.453,0.457,0.447,3328016,150222972.782,2.23,1.12,0.005,6.14
2023-09-12,0.452,0.45,0.453,0.449,1417423,63885145.065,0.88,-0.66,-0.003,2.62
2023-09-13,0.45,0.443,0.45,0.441,3190969,141491755.949,2.0,-1.56,-0.007,5.89
2023-09-14,0.443,0.439,0.444,0.438,1377898,60751874.7,1.35,-0.9,-0.004,2.54
2023-09-15,0.44,0.437,0.442,0.435,1962635,86039932.9,1.59,-0.46,-0.002,3.62
2023-09-18,0.436,0.435,0.441,0.435,2203874,96435711.991,1.37,-0.46,-0.002,4.07
2023-09-19,0.436,0.433,0.437,0.43,1507723,65249622.9,1.61,-0.46,-0.002,2.78
2023-09-20,0.432,0.429,0.434,0.429,1445245,62259470.484,1.15,-0.92,-0.004,2.67
2023-09-21,0.427,0.426,0.43,0.425,1658202,70842640.916,1.17,-0.7,-0.003,3.06
2023-09-22,0.425,0.438,0.44,0.425,3010959,130365065.046,3.52,2.82,0.012,5.56
2023-09-25,0.436,0.437,0.44,0.436,1079222,47253225.552,0.91,-0.23,-0.001,1.99
2023-09-26,0.436,0.437,0.443,0.436,1506994,66173324.324,1.6,0.0,0.0,2.78
2023-09-27,0.437,0.44,0.445,0.437,1514596,66853492.8,1.83,0.69,0.003,2.79
2023-09-28,0.441,0.441,0.445,0.438,1247220,54999158.8,1.59,0.23,0.001,2.3
2023-10-09,0.44,0.438,0.441,0.435,1632159,71440649.056,1.36,-0.68,-0.003,3.01
2023-10-10,0.438,0.436,0.442,0.435,1209643,52996153.198,1.6,-0.46,-0.002,2.23
2023-10-11,0.437,0.439,0.442,0.437,1481947,65139701.36,1.15,0.69,0.003,2.73
2023-10-12,0.442,0.439,0.443,0.436,1657740,72720183.346,1.59,0.0,0.0,3.06
2023-10-13,0.436,0.431,0.437,0.429,2128839,92052195.959,1.82,-1.82,-0.008,3.93
2023-10-16,0.43,0.424,0.431,0.422,1947760,83031625.3,2.09,-1.62,-0.007,3.59
2023-10-17,0.425,0.425,0.427,0.422,1359828,57694792.4,1.18,0.24,0.001,2.51
2023-10-18,0.423,0.419,0.424,0.416,2010927,84209276.778,1.88,-1.41,-0.006,3.71
2023-10-19,0.415,0.414,0.419,0.412,1916243,79625581.194,1.67,-1.19,-0.005,3.54
2023-10-20,0.412,0.408,0.415,0.407,2079529,85390989.96,1.93,-1.45,-0.006,3.84
2023-10-23,0.406,0.4,0.408,0.398,2809995,112788985.35,2.45,-1.96,-0.008,5.18
2023-10-24,0.401,0.405,0.408,0.401,2985616,120464111.007,1.75,1.25,0.005,5.51
2023-10-25,0.407,0.399,0.407,0.398,3093398,124383801.166,2.22,-1.48,-0.006,5.71
2023-10-26,0.396,0.401,0.402,0.394,2953042,117155311.89,2.01,0.5,0.002,5.45
2023-10-27,0.4,0.409,0.411,0.398,6161746,250161244.741,3.24,2.0,0.008,11.37
2023-10-30,0.409,0.42,0.421,0.409,4076284,169695833.626,2.93,2.69,0.011,7.52
2023-10-31,0.418,0.415,0.419,0.413,2687294,111609978.138,1.43,-1.19,-0.005,4.96
2023-11-01,0.416,0.412,0.417,0.411,1312371,54239034.846,1.45,-0.72,-0.003,2.42
2023-11-02,0.413,0.407,0.415,0.407,2415286,99261536.501,1.94,-1.21,-0.005,4.46
2023-11-03,0.408,0.416,0.418,0.408,2086076,86503460.634,2.46,2.21,0.009,3.85
2023-11-06,0.42,0.43,0.431,0.419,4097512,174701284.083,2.88,3.37,0.014,7.56
2023-11-07,0.429,0.431,0.435,0.425,2860373,122728592.703,2.33,0.23,0.001,5.28
2023-11-08,0.431,0.431,0.435,0.428,3842399,165641360.357,1.62,0.0,0.0,7.09
2023-11-09,0.431,0.431,0.435,0.429,1850695,79917318.92,1.39,0.0,0.0,3.41
2023-11-10,0.429,0.427,0.43,0.426,2021761,86537039.013,0.93,-0.93,-0.004,3.73
2023-11-13,0.429,0.429,0.432,0.427,2203991,94788582.278,1.17,0.47,0.002,4.07
2023-11-14,0.43,0.43,0.434,0.427,2086945,89720826.694,1.63,0.23,0.001,3.85
2023-11-15,0.435,0.432,0.436,0.43,2591374,111992829.317,1.4,0.47,0.002,4.78
2023-11-16,0.431,0.424,0.432,0.423,2223428,94809111.8,2.08,-1.85,-0.008,4.1
2023-11-17,0.422,0.427,0.428,0.421,2404139,102068494.5,1.65,0.71,0.003,4.44
2023-11-20,0.427,0.429,0.43,0.423,1659314,70793777.7,1.64,0.47,0.002,3.06
2023-11-21,0.429,0.426,0.433,0.425,2213773,95043869.134,1.86,-0.7,-0.003,4.08
2023-11-22,0.425,0.417,0.425,0.417,2827782,118830742.545,1.88,-2.11,-0.009,5.22
2023-11-23,0.415,0.421,0.421,0.415,1836545,76751459.41,1.44,0.96,0.004,3.39
2023-11-24,0.42,0.413,0.42,0.413,2129215,88386124.075,1.66,-1.9,-0.008,3.93
2023-11-27,0.413,0.415,0.416,0.412,1934427,80067103.867,0.97,0.48,0.002,3.57
2023-11-28,0.414,0.415,0.416,0.412,1813773,75095775.832,0.96,0.0,0.0,3.35
2023-11-29,0.415,0.414,0.418,0.413,1346888,55891796.032,1.2,-0.24,-0.001,2.49
2023-11-30,0.413,0.415,0.417,0.411,1221702,50613479.31,1.45,0.24,0.001,2.25
2023-12-01,0.416,0.422,0.423,0.413,1864412,77981662.097,2.41,1.69,0.007,3.44
2023-12-04,0.42,0.418,0.423,0.418,1322617,55617275.318,1.18,-0.95,-0.004,2.44
2023-12-05,0.417,0.41,0.417,0.409,1504472,62236778.673,1.91,-1.91,-0.008,2.78
2023-12-06,0.409,0.409,0.414,0.408,2852184,117059458.131,1.46,-0.24,-0.001,5.26
2023-12-07,0.41,0.411,0.413,0.407,1604678,65861574.43,1.47,0.49,0.002,2.96
2023-12-08,0.412,0.42,0.424,0.411,6439513,270031836.905,3.16,2.19,0.009,11.88
2023-12-11,0.417,0.427,0.428,0.415,5121751,217613029.327,3.1,1.67,0.007,9.45
2023-12-12,0.427,0.426,0.429,0.425,3991691,170491329.996,0.94,-0.23,-0.001,7.37
2023-12-13,0.426,0.422,0.428,0.421,4938687,209644195.621,1.64,-0.94,-0.004,9.11
2023-12-14,0.425,0.419,0.427,0.418,2322930,97925561.233,2.13,-0.71,-0.003,4.29
2023-12-15,0.42,0.412,0.422,0.411,2626359,109078755.163,2.63,-1.67,-0.007,4.85
2023-12-18,0.41,0.41,0.414,0.408,1959884,80554535.54,1.46,-0.49,-0.002,3.62
2023-12-19,0.411,0.411,0.413,0.407,1471132,60236919.5,1.46,0.24,0.001,2.71
2023-12-20,0.412,0.404,0.412,0.404,1517585,61898278.735,1.95,-1.7,-0.007,2.8
2023-12-21,0.402,0.409,0.412,0.401,1864430,75740594.119,2.72,1.24,0.005,3.44
2023-12-22,0.408,0.403,0.411,0.402,2143645,87158349.988,2.2,-1.47,-0.006,3.96
2023-12-25,0.404,0.406,0.407,0.402,850568,34409256.478,1.24,0.74,0.003,1.57
2023-12-26,0.407,0.4,0.407,0.398,1939454,77609408.456,2.22,-1.48,-0.006,3.58
2023-12-27,0.401,0.404,0.405,0.4,1453329,58594600.4,1.25,1.0,0.004,2.68
2023-12-28,0.404,0.412,0.414,0.402,3514503,143826659.058,2.97,1.98,0.008,6.48
2023-12-29,0.412,0.418,0.419,0.412,3689769,153553416.413,1.7,1.46,0.006,6.81
2024-01-02,0.418,0.41,0.418,0.41,2541856,104834348.704,1.91,-1.91,-0.008,4.69
2024-01-03,0.408,0.404,0.41,0.401,3149189,127523501.426,2.2,-1.46,-0.006,5.81
2024-01-04,0.403,0.398,0.403,0.396,3328409,132570961.292,1.73,-1.49,-0.006,6.14
2024-01-05,0.397,0.39,0.399,0.388,4335990,170570031.757,2.76,-2.01,-0.008,8.0
2024-01-08,0.389,0.384,0.39,0.383,2873735,111062714.896,1.79,-1.54,-0.006,5.3
2024-01-09,0.385,0.384,0.389,0.382,2475938,95625083.511,1.82,0.0,0.0,4.57
2024-01-10,0.383,0.38,0.386,0.378,2157225,82430643.9,2.08,-1.04,-0.004,3.98
2024-01-11,0.379,0.386,0.388,0.379,2852055,109502087.112,2.37,1.58,0.006,5.26
2024-01-12,0.385,0.381,0.386,0.381,1760979,67551290.991,1.3,-1.3,-0.005,3.25
2024-01-15,0.379,0.381,0.385,0.378,1972159,75081938.84,1.84,0.0,0.0,3.64
2024-01-16,0.38,0.38,0.38,0.374,2456689,92707772.061,1.57,-0.26,-0.001,4.53
2024-01-17,0.379,0.37,0.38,0.37,1704422,64035375.875,2.63,-2.63,-0.01,3.14
2024-01-18,0.369,0.379,0.38,0.365,3997547,148357374.562,4.05,2.43,0.009,7.38
2024-01-19,0.378,0.375,0.382,0.375,2189922,82800206.95,1.85,-1.06,-0.004,4.04
2024-01-22,0.375,0.364,0.377,0.362,2118731,78462110.69,4.0,-2.93,-0.011,3.91
2024-01-23,0.362,0.369,0.373,0.362,3035493,111959373.984,3.02,1.37,0.005,5.6
2024-01-24,0.371,0.373,0.374,0.361,2345610,86268331.3,3.52,1.08,0.004,4.33
2024-01-25,0.372,0.378,0.379,0.368,4066199,151905244.02,2.95,1.34,0.005,7.5
2024-01-26,0.377,0.371,0.377,0.37,2893084,108125451.756,1.85,-1.85,-0.007,5.34
2024-01-29,0.372,0.355,0.372,0.355,4802338,173337539.771,4.58,-4.31,-0.016,8.86
2024-01-30,0.353,0.347,0.358,0.346,2651877,93343075.263,3.38,-2.25,-0.008,4.89
2024-01-31,0.345,0.342,0.349,0.342,2729765,94211597.445,2.02,-1.44,-0.005,5.04
2024-02-01,0.34,0.348,0.355,0.34,3770266,131494772.21,4.39,1.75,0.006,6.96
2024-02-02,0.348,0.341,0.352,0.331,3421963,117533080.384,6.03,-2.01,-0.007,6.31
2024-02-05,0.337,0.344,0.352,0.326,3992703,135540062.66,7.62,0.88,0.003,7.37
2024-02-06,0.34,0.368,0.368,0.338,4888917,174629816.754,8.72,6.98,0.024,9.02
2024-02-07,0.368,0.376,0.379,0.366,4092892,153439267.778,3.53,2.17,0.008,7.55
2024-02-08,0.379,0.381,0.392,0.378,4181163,160649290.503,3.72,1.33,0.005,7.71
2024-02-19,0.388,0.397,0.397,0.384,4454652,173719945.0,3.41,4.2,0.016,8.22
2024-02-20,0.397,0.395,0.397,0.39,2368397,93256378.78,1.76,-0.5,-0.002,4.37
2024-02-21,0.391,0.391,0.4,0.389,4676597,184141145.752,2.78,-1.01,-0.004,8.63
2024-02-22,0.393,0.395,0.397,0.391,3348920,131977732.764,1.53,1.02,0.004,6.18
2024-02-23,0.397,0.395,0.399,0.39,2701187,106536617.505,2.28,0.0,0.0,4.98
2024-02-26,0.393,0.395,0.399,0.39,2827885,111432720.715,2.28,0.0,0.0,5.22
2024-02-27,0.394,0.409,0.409,0.392,4535524,182137611.177,4.3,3.54,0.014,8.37
2024-02-28,0.409,0.393,0.415,0.393,4447738,180858426.207,5.38,-3.91,-0.016,8.21
2024-02-29,0.391,0.411,0.411,0.391,4545341,183000804.672,5.09,4.58,0.018,8.39
2024-03-01,0.409,0.415,0.417,0.407,4161324,171884786.208,2.43,0.97,0.004,7.68
2024-03-04,0.416,0.422,0.424,0.415,4252020,178742248.144,2.17,1.69,0.007,7.85
2024-03-05,0.418,0.422,0.428,0.416,3681215,155985692.275,2.84,0.0,0.0,6.79
2024-03-06,0.42,0.421,0.426,0.415,3362682,140846003.165,2.61,-0.24,-0.001,6.2
2024-03-07,0.42,0.414,0.425,0.412,4019036,167352181.291,3.09,-1.66,-0.007,7.42
2024-03-08,0.413,0.42,0.423,0.411,3437937,143089608.748,2.9,1.45,0.006,6.34
2024-03-11,0.42,0.432,0.432,0.416,4764998,202777899.73,3.81,2.86,0.012,8.79
2024-03-12,0.432,0.43,0.435,0.427,5152522,221835048.606,1.85,-0.46,-0.002,9.51
2024-03-13,0.433,0.43,0.435,0.429,3462181,149740797.43,1.4,0.0,0.0,6.39
2024-03-14,0.429,0.428,0.433,0.425,8219281,352002638.298,1.86,-0.47,-0.002,15.17
2024-03-15,0.426,0.434,0.435,0.423,4367201,187068612.532,2.8,1.4,0.006,8.06
2024-03-18,0.436,0.441,0.442,0.435,3702561,162684953.206,1.61,1.61,0.007,6.83
2024-03-19,0.439,0.436,0.441,0.436,2407433,105605833.121,1.13,-1.13,-0.005,4.44
2024-03-20,0.435,0.435,0.439,0.431,1772627,77003157.868,1.83,-0.23,-0.001,3.27
2024-03-21,0.434,0.432,0.437,0.432,1744310,75810357.795,1.15,-0.69,-0.003,3.22
2024-03-22,0.432,0.43,0.434,0.426,4630509,198776404.593,1.85,-0.46,-0.002,8.54
2024-03-25,0.428,0.421,0.432,0.42,9367473,401884532.779,2.79,-2.09,-0.009,17.28
2024-03-26,0.42,0.418,0.426,0.414,3162023,133200946.88,2.85,-0.71,-0.003,5.83
2024-03-27,0.416,0.405,0.419,0.405,3267057,134214868.7,3.35,-3.11,-0.013,6.03
2024-03-28,0.406,0.411,0.416,0.404,2165412,88738905.56,2.96,1.48,0.006,4.0
2024-03-29,0.41,0.414,0.414,0.407,2223348,91258855.187,1.7,0.73,0.003,4.1
2024-04-01,0.415,0.426,0.427,0.415,2449099,103374490.592,2.9,2.9,0.012,4.52
2024-04-02,0.426,0.422,0.426,0.418,2257230,95170832.27,1.88,-0.94,-0.004,4.16
2024-04-03,0.42,0.415,0.421,0.413,1639068,68214542.242,1.9,-1.66,-0.007,3.02
2024-04-08,0.413,0.41,0.418,0.41,1208311,49978164.875,1.93,-1.2,-0.005,2.23
2024-04-09,0.412,0.412,0.413,0.407,1380384,56526049.398,1.46,0.49,0.002,2.55
2024-04-10,0.411,0.402,0.411,0.4,1927596,77824120.6,2.67,-2.43,-0.01,3.56
2024-04-11,0.401,0.401,0.406,0.4,1609454,64859043.49,1.49,-0.25,-0.001,2.97
2024-04-12,0.402,0.403,0.41,0.401,2032699,82440750.699,2.24,0.5,0.002,3.75
2024-04-15,0.403,0.407,0.411,0.403,1997139,81459036.119,1.99,0.99,0.004,3.68
2024-04-16,0.405,0.4,0.406,0.399,2037315,81969597.695,1.72,-1.72,-0.007,3.76
2024-04-17,0.401,0.412,0.412,0.401,1808327,73808381.4,2.75,3.0,0.012,3.34
2024-04-18,0.41,0.409,0.415,0.403,1704067,69781020.8,2.91,-0.73,-0.003,3.14
2024-04-19,0.406,0.402,0.407,0.397,1974433,79230828.7,2.44,-1.71,-0.007,3.64
2024-04-22,0.399,0.397,0.4,0.39,1575668,62362227.072,2.49,-1.24,-0.005,2.91
2024-04-23,0.399,0.399,0.401,0.394,1575382,62710417.1,1.76,0.5,0.002,2.91
2024-04-24,0.399,0.407,0.407,0.397,1665731,67193869.7,2.51,2.01,0.008,3.07
2024-04-25,0.405,0.404,0.408,0.402,1557379,63080340.558,1.47,-0.74,-0.003,2.87
2024-04-26,0.405,0.421,0.422,0.405,4778479,199520735.439,4.21,4.21,0.017,8.82
2024-04-29,0.423,0.433,0.437,0.423,4943018,213153378.9,3.33,2.85,0.012,9.12
2024-04-30,0.434,0.427,0.436,0.427,3513225,151636144.832,2.08,-1.39,-0.006,6.48
2024-05-06,0.436,0.436,0.44,0.435,2358215,102934815.532,1.17,2.11,0.009,4.35
2024-05-07,0.437,0.433,0.439,0.431,2278169,99166235.694,1.83,-0.69,-0.003,4.2
2024-05-08,0.431,0.427,0.432,0.426,3113542,132955425.116,1.39,-1.39,-0.006,5.74
2024-05-09,0.426,0.43,0.431,0.425,4491828,192536321.8,1.41,0.7,0.003,8.29
2024-05-10,0.431,0.425,0.431,0.422,2678917,113906566.55,2.09,-1.16,-0.005,4.94
2024-05-13,0.421,0.422,0.427,0.42,3912017,165170794.696,1.65,-0.71,-0.003,7.22
2024-05-14,0.423,0.421,0.426,0.419,2051679,86461675.53,1.66,-0.24,-0.001,3.79
2024-05-15,0.42,0.418,0.425,0.418,1366399,57552079.7,1.66,-0.71,-0.003,2.52
2024-05-16,0.422,0.42,0.425,0.419,2530518,106797474.204,1.44,0.48,0.002,4.67
2024-05-17,0.419,0.422,0.422,0.415,2775521,115861853.862,1.67,0.48,0.002,5.12
2024-05-20,0.42,0.424,0.426,0.419,1983438,83963073.116,1.66,0.47,0.002,3.66
2024-05-21,0.423,0.422,0.425,0.42,1208963,51045992.8,1.18,-0.47,-0.002,2.23
2024-05-22,0.422,0.423,0.424,0.418,1517939,63924280.382,1.42,0.24,0.001,2.8
2024-05-23,0.423,0.419,0.425,0.417,3757144,157350312.06,1.89,-0.95,-0.004,6.93
2024-05-24,0.416,0.409,0.422,0.408,2709229,112189379.224,3.34,-2.39,-0.01,5.0
2024-05-27,0.41,0.414,0.414,0.407,1356963,55712008.279,1.71,1.22,0.005,2.5
2024-05-28,0.413,0.407,0.413,0.407,1406622,57501969.778,1.45,-1.69,-0.007,2.6
2024-05-29,0.407,0.408,0.412,0.407,919681,37656959.192,1.23,0.25,0.001,1.7
2024-05-30,0.408,0.409,0.411,0.405,921391,37659933.3,1.47,0.25,0.001,1.7
2024-05-31,0.409,0.407,0.413,0.406,1794895,73529200.98,1.71,-0.49,-0.002,3.31
2024-06-03,0.407,0.412,0.416,0.406,2566450,105892572.4,2.46,1.23,0.005,4.74
2024-06-04,0.411,0.417,0.418,0.411,1800507,74833082.335,1.7,1.21,0.005,3.32
2024-06-05,0.418,0.415,0.42,0.414,1398858,58365167.9,1.44,-0.48,-0.002,2.58
2024-06-06,0.416,0.414,0.421,0.412,1973654,82203265.048,2.17,-0.24,-0.001,3.64
2024-06-07,0.415,0.406,0.415,0.402,3594436,145490652.8,3.14,-1.93,-0.008,6.63
2024-06-11,0.403,0.409,0.41,0.402,1437973,58296792.2,1.97,0.74,0.003,2.65
2024-06-12,0.409,0.407,0.41,0.406,887110,36167485.8,0.98,-0.49,-0.002,1.64
2024-06-13,0.409,0.412,0.415,0.408,1828260,75211740.2,1.72,1.23,0.005,3.37
2024-06-14,0.411,0.42,0.422,0.409,3171544,132160974.5,3.16,1.94,0.008,5.85
2024-06-17,0.42,0.424,0.425,0.418,1431892,60544320.086,1.67,0.95,0.004,2.64
2024-06-18,0.424,0.427,0.432,0.422,2507974,107264207.675,2.36,0.71,0.003,4.63
2024-06-19,0.429,0.423,0.43,0.422,1551435,65864081.805,1.87,-0.94,-0.004,2.86
2024-06-20,0.423,0.417,0.425,0.417,1572777,65999517.463,1.89,-1.42,-0.006,2.9
2024-06-21,0.415,0.417,0.418,0.413,1193058,49564106.7,1.2,0.0,0.0,2.2
2024-06-24,0.414,0.409,0.418,0.409,1250508,51624392.0,2.16,-1.92,-0.008,2.31
2024-06-25,0.408,0.401,0.409,0.398,2191814,88213074.2,2.69,-1.96,-0.008,4.04
2024-06-26,0.402,0.409,0.41,0.401,1420506,57644574.455,2.24,2.0,0.008,2.62
2024-06-27,0.407,0.402,0.408,0.401,1171491,47310975.4,1.71,-1.71,-0.007,2.16
2024-06-28,0.401,0.402,0.409,0.4,1244394,50329120.608,2.24,0.0,0.0,2.3
2024-07-01,0.401,0.405,0.408,0.397,1461878,58782186.67,2.74,0.75,0.003,2.7
2024-07-02,0.406,0.403,0.407,0.401,1187725,47850447.6,1.48,-0.49,-0.002,2.19
2024-07-03,0.403,0.398,0.403,0.396,1710815,68280588.586,1.74,-1.24,-0.005,3.16
2024-07-04,0.4,0.397,0.404,0.397,1261462,50456000.138,1.76,-0.25,-0.001,2.33
2024-07-05,0.398,0.398,0.4,0.391,1547016,61079810.947,2.27,0.25,0.001,2.85
2024-07-08,0.397,0.396,0.4,0.394,1241027,49252952.9,1.51,-0.5,-0.002,2.29
2024-07-09,0.395,0.405,0.407,0.393,1918437,76883187.804,3.54,2.27,0.009,3.54
2024-07-10,0.404,0.407,0.409,0.403,1125574,45745708.881,1.48,0.49,0.002,2.08
2024-07-11,0.412,0.411,0.413,0.405,2173456,88999011.6,1.97,0.98,0.004,4.01
2024-07-12,0.408,0.407,0.41,0.403,1376714,55955946.972,1.7,-0.97,-0.004,2.54
2024-07-15,0.405,0.405,0.407,0.403,1106013,44810210.2,0.98,-0.49,-0.002,2.04
2024-07-16,0.404,0.41,0.411,0.403,1717187,69988743.1,1.98,1.23,0.005,3.17
2024-07-17,0.408,0.405,0.41,0.403,1250899,50802420.6,1.71,-1.22,-0.005,2.31
2024-07-18,0.402,0.407,0.409,0.398,1743021,70200273.4,2.72,0.49,0.002,3.22
2024-07-19,0.405,0.407,0.409,0.404,2459546,100060444.729,1.23,0.0,0.0,4.54
2024-07-22,0.406,0.407,0.409,0.404,996113,40475222.125,1.23,0.0,0.0,1.84
2024-07-23,0.408,0.394,0.408,0.394,2405794,95937187.9,3.44,-3.19,-0.013,4.44
2024-07-24,0.392,0.388,0.398,0.387,1668980,65259886.633,2.79,-1.52,-0.006,3.08
2024-07-25,0.387,0.38,0.387,0.379,1928590,73638114.7,2.06,-2.06,-0.008,3.56
2024-07-26,0.381,0.385,0.387,0.38,1700881,65261282.23,1.84,1.32,0.005,3.14
2024-07-29,0.384,0.382,0.387,0.38,985860,37742704.568,1.82,-0.78,-0.003,1.82
2024-07-30,0.382,0.379,0.382,0.376,1289905,48828071.385,1.57,-0.79,-0.003,2.38
2024-07-31,0.38,0.391,0.392,0.378,2023301,78071866.5,3.69,3.17,0.012,3.73
2024-08-01,0.394,0.387,0.395,0.387,1699889,66507346.2,2.05,-1.02,-0.004,3.14
2024-08-02,0.385,0.376,0.386,0.376,2467331,93804170.704,2.58,-2.84,-0.011,4.55
2024-08-05,0.371,0.364,0.378,0.364,2343521,86818970.866,3.72,-3.19,-0.012,4.32
2024-08-06,0.37,0.371,0.374,0.367,1356131,50294506.831,1.92,1.92,0.007,2.5
2024-08-07,0.37,0.37,0.373,0.368,3827676,142056389.8,1.35,-0.27,-0.001,7.06
2024-08-08,0.368,0.368,0.372,0.365,1092191,40166572.9,1.89,-0.54,-0.002,2.02
2024-08-09,0.371,0.367,0.374,0.367,944012,34977412.2,1.9,-0.27,-0.001,1.74
2024-08-12,0.368,0.367,0.371,0.366,1021431,37634477.1,1.36,0.0,0.0,1.88
2024-08-13,0.369,0.369,0.37,0.366,863931,31793206.0,1.09,0.54,0.002,1.59
2024-08-14,0.371,0.365,0.372,0.365,777855,28527718.9,1.9,-1.08,-0.004,1.44
2024-08-15,0.365,0.365,0.37,0.363,1541519,56491630.486,1.92,0.0,0.0,2.84
2024-08-16,0.368,0.368,0.372,0.366,1289717,47594999.9,1.64,0.82,0.003,2.38
2024-08-19,0.369,0.37,0.373,0.368,767678,28448716.3,1.36,0.54,0.002,1.42
2024-08-20,0.372,0.364,0.372,0.364,1114331,40794309.2,2.16,-1.62,-0.006,2.06
2024-08-21,0.364,0.363,0.367,0.363,676500,24637935.6,1.1,-0.27,-0.001,1.25
2024-08-22,0.364,0.362,0.365,0.36,1242398,44964263.8,1.38,-0.28,-0.001,2.29
2024-08-23,0.361,0.362,0.363,0.358,932904,33637412.422,1.38,0.0,0.0,1.72
2024-08-26,0.364,0.358,0.364,0.357,1012752,36410006.8,1.93,-1.1,-0.004,1.87
2024-08-27,0.357,0.355,0.358,0.354,969686,34535492.908,1.12,-0.84,-0.003,1.79
2024-08-28,0.355,0.355,0.359,0.353,4209967,149261510.253,1.69,0.0,0.0,7.77
2024-08-29,0.353,0.354,0.357,0.347,1827437,64246900.3,2.82,-0.28,-0.001,3.37
2024-08-30,0.355,0.364,0.369,0.355,2902347,105843718.1,3.95,2.82,0.01,5.36
2024-09-02,0.364,0.353,0.365,0.353,2593382,92484592.522,3.3,-3.02,-0.011,4.79
2024-09-03,0.354,0.356,0.358,0.352,4187491,149015872.293,1.7,0.85,0.003,7.73
2024-09-04,0.353,0.354,0.358,0.349,3827304,135471037.058,2.53,-0.56,-0.002,7.06
2024-09-05,0.354,0.357,0.36,0.354,1747578,62250853.891,1.69,0.85,0.003,3.22
2024-09-06,0.357,0.35,0.357,0.349,1717345,60421902.202,2.24,-1.96,-0.007,3.17
2024-09-09,0.348,0.351,0.352,0.347,1912036,66868961.8,1.43,0.29,0.001,3.53
2024-09-10,0.353,0.354,0.357,0.349,2000731,70677335.6,2.28,0.85,0.003,3.69
2024-09-11,0.354,0.356,0.357,0.353,1272496,45299960.67,1.13,0.56,0.002,2.35
2024-09-12,0.36,0.354,0.362,0.354,1337396,47836214.49,2.25,-0.56,-0.002,2.47
2024-09-13,0.356,0.358,0.361,0.354,2291117,82101380.084,1.98,1.13,0.004,4.23
2024-09-18,0.356,0.354,0.357,0.352,1155565,40937715.0,1.4,-1.12,-0.004,2.13
2024-09-19,0.357,0.352,0.358,0.347,2572898,90584875.3,3.11,-0.56,-0.002,4.75
2024-09-20,0.353,0.351,0.354,0.348,1983663,69478198.4,1.7,-0.28,-0.001,3.66
2024-09-23,0.351,0.348,0.355,0.347,1597189,56005140.6,2.28,-0.85,-0.003,2.95
2024-09-24,0.351,0.367,0.368,0.348,4956886,178240194.635,5.75,5.46,0.019,9.15
2024-09-25,0.372,0.369,0.379,0.369,9733296,363168484.32,2.72,0.54,0.002,17.96
2024-09-26,0.369,0.383,0.384,0.365,3860408,144306121.106,5.15,3.79,0.014,7.12
2024-09-27,0.389,0.411,0.42,0.386,8134032,327328599.444,8.88,7.31,0.028,15.01
2024-09-30,0.43,0.478,0.486,0.418,15775833,717774784.243,16.55,16.3,0.067,29.11
2024-10-08,0.574,0.574,0.574,0.504,34712631,1905528458.769,14.64,20.08,0.096,64.05
2024-10-09,0.558,0.497,0.558,0.491,24180370,1253402804.278,11.67,-13.41,-0.077,44.62
2024-10-10,0.496,0.488,0.51,0.477,13321208,659689605.755,6.64,-1.81,-0.009,24.58
2024-10-11,0.479,0.47,0.484,0.461,11659300,550732680.076,4.71,-3.69,-0.018,21.51
2024-10-14,0.47,0.484,0.485,0.459,8404226,397131509.41,5.53,2.98,0.014,15.51
2024-10-15,0.481,0.47,0.493,0.47,6932984,333318477.388,4.75,-2.89,-0.014,12.79
2024-10-16,0.46,0.456,0.467,0.453,6841635,314117034.361,2.98,-2.98,-0.014,12.62
2024-10-17,0.46,0.456,0.466,0.456,5185361,239340809.072,2.19,0.0,0.0,9.57
2024-10-18,0.457,0.493,0.512,0.456,12871757,619705396.752,12.28,8.11,0.037,23.75
2024-10-21,0.498,0.499,0.515,0.488,7915171,396147601.493,5.48,1.22,0.006,14.6
2024-10-22,0.498,0.502,0.504,0.491,5505376,274643711.836,2.61,0.6,0.003,10.16
2024-10-23,0.498,0.492,0.501,0.489,7102925,351265463.666,2.39,-1.99,-0.01,13.11
2024-10-24,0.489,0.49,0.498,0.486,5114914,251289755.17,2.44,-0.41,-0.002,9.44
2024-10-25,0.494,0.498,0.505,0.49,5892363,292578421.4,3.06,1.63,0.008,10.87
2024-10-28,0.496,0.493,0.497,0.485,6192582,303825175.95,2.41,-1.0,-0.005,11.43
2024-10-29,0.493,0.482,0.494,0.482,5919081,288562874.214,2.43,-2.23,-0.011,10.92
2024-10-30,0.48,0.48,0.486,0.474,4075891,195732198.038,2.49,-0.41,-0.002,7.52
2024-10-31,0.479,0.48,0.488,0.474,4760781,228891853.1,2.92,0.0,0.0,8.78
2024-11-01,0.475,0.466,0.477,0.465,5260352,247939771.53,2.5,-2.92,-0.014,9.71
2024-11-04,0.466,0.476,0.478,0.465,3807318,180482439.791,2.79,2.15,0.01,7.02
2024-11-05,0.476,0.492,0.493,0.473,6618748,322147562.968,4.2,3.36,0.016,12.21
2024-11-06,0.49,0.486,0.5,0.481,6574379,322609812.854,3.86,-1.22,-0.006,12.13
2024-11-07,0.481,0.495,0.496,0.478,6310839,308051395.356,3.7,1.85,0.009,11.64
2024-11-08,0.501,0.496,0.51,0.493,6829231,343922643.392,3.43,0.2,0.001,12.6
2024-11-11,0.492,0.504,0.505,0.49,7122887,355368461.998,3.02,1.61,0.008,13.14
2024-11-12,0.505,0.503,0.514,0.497,5878412,297822394.95,3.37,-0.2,-0.001,10.85
2024-11-13,0.499,0.512,0.513,0.497,4488728,226605191.325,3.18,1.79,0.009,8.28
2024-11-14,0.51,0.493,0.51,0.491,3690769,184894635.674,3.71,-3.71,-0.019,6.81
2024-11-15,0.491,0.474,0.496,0.474,4137660,200708668.44,4.46,-3.85,-0.019,7.63
2024-11-18,0.474,0.458,0.476,0.455,4765848,221389021.508,4.43,-3.38,-0.016,8.79
2024-11-19,0.461,0.471,0.473,0.456,4009225,186290252.133,3.71,2.84,0.013,7.4
2024-11-20,0.469,0.475,0.478,0.467,3038542,143857618.865,2.34,0.85,0.004,5.61
2024-11-21,0.473,0.471,0.475,0.466,2694222,126905600.778,1.89,-0.84,-0.004,4.97
2024-11-22,0.47,0.454,0.474,0.453,3100215,143508320.786,4.46,-3.61,-0.017,5.72
2024-11-25,0.453,0.448,0.457,0.441,3240858,145207184.853,3.52,-1.32,-0.006,5.98
2024-11-26,0.446,0.446,0.452,0.446,2144910,96321440.0,1.34,-0.45,-0.002,3.96
2024-11-27,0.445,0.456,0.456,0.438,3124260,139922992.109,4.04,2.24,0.01,5.76
2024-11-28,0.456,0.447,0.456,0.447,2450084,110307269.224,1.97,-1.97,-0.009,4.52
2024-11-29,0.447,0.456,0.463,0.446,4251774,193304651.6,3.8,2.01,0.009,7.85
2024-12-02,0.456,0.465,0.468,0.455,3697360,171307598.2,2.85,1.97,0.009,6.82
2024-12-03,0.467,0.463,0.467,0.458,2144483,99199633.368,1.94,-0.43,-0.002,3.96
2024-12-04,0.463,0.456,0.464,0.454,1854857,85085675.061,2.16,-1.51,-0.007,3.42
2024-12-05,0.455,0.459,0.464,0.455,1775534,81678208.648,1.97,0.66,0.003,3.28
2024-12-06,0.46,0.468,0.471,0.458,3193085,148478849.308,2.83,1.96,0.009,5.89
2024-12-09,0.467,0.461,0.467,0.457,3300625,152713387.4,2.14,-1.5,-0.007,6.09
2024-12-10,0.481,0.462,0.482,0.461,4721072,221596377.982,4.56,0.22,0.001,8.71
2024-12-11,0.461,0.468,0.47,0.46,3610215,168401606.437,2.16,1.3,0.006,6.66
2024-12-12,0.467,0.478,0.48,0.466,3661732,173874355.532,2.99,2.14,0.01,6.76
2024-12-13,0.475,0.469,0.478,0.469,3433783,162171504.859,1.88,-1.88,-0.009,6.34
2024-12-16,0.468,0.462,0.47,0.459,2290323,106034371.007,2.35,-1.49,-0.007,4.23
2024-12-17,0.461,0.461,0.471,0.459,2607561,121214232.6,2.6,-0.22,-0.001,4.81
2024-12-18,0.461,0.46,0.464,0.457,2099064,96422714.96,1.52,-0.22,-0.001,3.87
2024-12-19,0.457,0.466,0.467,0.454,2191878,101301187.585,2.83,1.3,0.006,4.04
2024-12-20,0.466,0.468,0.473,0.463,2369265,110867612.534,2.15,0.43,0.002,4.37
2024-12-23,0.466,0.462,0.469,0.461,2901167,135116121.714,1.71,-1.28,-0.006,5.35
2024-12-24,0.463,0.466,0.466,0.458,2440141,112747299.2,1.73,0.87,0.004,4.5
2024-12-25,0.466,0.463,0.468,0.46,1477164,68501589.6,1.72,-0.64,-0.003,2.73
2024-12-26,0.463,0.472,0.473,0.461,2994088,140586519.77,2.59,1.94,0.009,5.52
2024-12-27,0.472,0.469,0.476,0.467,2895904,136551190.8,1.91,-0.64,-0.003,5.34
2024-12-30,0.469,0.466,0.471,0.464,2329516,108714072.2,1.49,-0.64,-0.003,4.3
2024-12-31,0.466,0.451,0.466,0.45,3338947,152496508.0,3.43,-3.22,-0.015,6.16
2025-01-02,0.45,0.435,0.451,0.43,4120003,181885455.568,4.66,-3.55,-0.016,7.6
2025-01-03,0.435,0.429,0.438,0.427,2681370,116025476.746,2.53,-1.38,-0.006,4.95
2025-01-06,0.429,0.429,0.434,0.425,2617811,112476758.468,2.1,0.0,0.0,4.83
2025-01-07,0.427,0.437,0.438,0.424,2912042,125575225.6,3.26,1.86,0.008,5.37
2025-01-08,0.433,0.433,0.437,0.422,2455669,105547548.0,3.43,-0.92,-0.004,4.53
2025-01-09,0.431,0.434,0.437,0.43,1812313,78718632.7,1.62,0.23,0.001,3.34
2025-01-10,0.433,0.423,0.434,0.423,2206999,94639028.7,2.53,-2.53,-0.011,4.07
2025-01-13,0.419,0.421,0.427,0.418,2070313,87377327.684,2.13,-0.47,-0.002,3.82
2025-01-14,0.422,0.442,0.443,0.418,7853352,341899244.136,5.94,4.99,0.021,14.49
2025-01-15,0.442,0.434,0.442,0.431,3161461,137646825.9,2.49,-1.81,-0.008,5.83
2025-01-16,0.435,0.44,0.444,0.434,3851452,169271105.9,2.3,1.38,0.006,7.11
2025-01-17,0.436,0.444,0.448,0.436,3210553,142105657.304,2.73,0.91,0.004,5.92
2025-01-20,0.448,0.454,0.458,0.448,3186202,144636568.01,2.25,2.25,0.01,5.88
2025-01-21,0.46,0.459,0.462,0.454,3098383,141794712.4,1.76,1.1,0.005,5.72
2025-01-22,0.458,0.463,0.466,0.457,5563014,257060861.28,1.96,0.87,0.004,10.26
2025-01-23,0.466,0.458,0.473,0.457,4156902,193203048.706,3.46,-1.08,-0.005,7.67
2025-01-24,0.456,0.466,0.467,0.455,3067971,141857503.7,2.62,1.75,0.008,5.66
2025-01-27,0.464,0.45,0.465,0.449,2799367,127444884.3,3.43,-3.43,-0.016,5.17
2025-02-05,0.45,0.436,0.453,0.433,4566874,200078401.309,4.44,-3.11,-0.014,8.43
2025-02-06,0.436,0.448,0.449,0.435,5122058,226724873.685,3.21,2.75,0.012,9.45
2025-02-07,0.447,0.459,0.466,0.447,5351159,245536135.3,4.24,2.46,0.011,9.87
2025-02-10,0.461,0.462,0.464,0.456,2887523,132784004.91,1.74,0.65,0.003,5.33
2025-02-11,0.46,0.457,0.462,0.455,2281145,104601903.02,1.52,-1.08,-0.005,4.21
2025-02-12,0.455,0.465,0.465,0.454,2567502,118130497.678,2.41,1.75,0.008,4.74
2025-02-13,0.464,0.457,0.464,0.456,4412131,203311561.201,1.72,-1.72,-0.008,8.14
2025-02-14,0.457,0.46,0.462,0.455,2981919,136697289.4,1.53,0.66,0.003,5.5
2025-02-17,0.462,0.469,0.472,0.461,4135846,193113894.982,2.39,1.96,0.009,7.63
2025-02-18,0.469,0.461,0.472,0.458,3640699,169562942.706,2.99,-1.71,-0.008,6.72
2025-02-19,0.459,0.469,0.47,0.458,2447459,113915205.9,2.6,1.74,0.008,4.52
2025-02-20,0.468,0.47,0.471,0.464,2133422,99857762.052,1.49,0.21,0.001,3.94
2025-02-21,0.47,0.482,0.484,0.47,4325483,206887985.1,2.98,2.55,0.012,7.98
2025-02-24,0.48,0.478,0.482,0.473,2788535,133316905.9,1.87,-0.83,-0.004,5.15
2025-02-25,0.471,0.47,0.476,0.468,2052082,96562043.187,1.67,-1.67,-0.008,3.79
2025-02-26,0.47,0.475,0.475,0.466,2148803,101187469.955,1.91,1.06,0.005,3.96
2025-02-27,0.475,0.467,0.476,0.462,2654192,124382633.1,2.95,-1.68,-0.008,4.9
2025-02-28,0.462,0.446,0.464,0.445,4040330,183162116.316,4.07,-4.5,-0.021,7.45
2025-03-03,0.449,0.452,0.459,0.443,3236416,146307329.1,3.59,1.35,0.006,5.97
2025-03-04,0.445,0.453,0.453,0.443,2958270,132636521.881,2.21,0.22,0.001,5.46
2025-03-05,0.452,0.455,0.458,0.451,1474064,66944162.4,1.55,0.44,0.002,2.72
2025-03-06,0.457,0.462,0.465,0.456,2086514,96229560.8,1.98,1.54,0.007,3.85
2025-03-07,0.461,0.457,0.461,0.454,1617989,74103114.648,1.52,-1.08,-0.005,2.99
2025-03-10,0.457,0.456,0.461,0.452,1220220,55642730.4,1.97,-0.22,-0.001,2.25
2025-03-11,0.451,0.457,0.457,0.45,1544628,70115183.9,1.54,0.22,0.001,2.85
2025-03-12,0.458,0.456,0.461,0.455,1417918,64933469.7,1.31,-0.22,-0.001,2.62
2025-03-13,0.457,0.449,0.459,0.447,2496213,112748927.6,2.63,-1.54,-0.007,4.61
2025-03-14,0.448,0.462,0.463,0.448,7163184,328404599.287,3.34,2.9,0.013,13.22
2025-03-17,0.464,0.462,0.465,0.46,1718746,79414660.8,1.08,0.0,0.0,3.17
2025-03-18,0.463,0.465,0.468,0.462,2451691,113969339.33,1.3,0.65,0.003,4.52
2025-03-19,0.464,0.462,0.466,0.459,1374205,63521864.594,1.51,-0.65,-0.003,2.54
2025-03-20,0.461,0.459,0.464,0.458,1183601,54497102.543,1.3,-0.65,-0.003,2.18
2025-03-21,0.457,0.448,0.459,0.447,2843713,128442260.9,2.61,-2.4,-0.011,5.25
2025-03-24,0.448,0.451,0.451,0.442,1965506,87952539.7,2.01,0.67,0.003,3.63
2025-03-25,0.45,0.443,0.453,0.441,2742494,122188441.611,2.66,-1.77,-0.008,5.06
2025-03-26,0.442,0.443,0.448,0.441,1603439,71390024.251,1.58,0.0,0.0,2.96
2025-03-27,0.442,0.444,0.45,0.439,2364518,104874145.145,2.48,0.23,0.001,4.36
2025-03-28,0.442,0.441,0.446,0.44,1502718,66532021.4,1.35,-0.68,-0.003,2.77
2025-03-31,0.438,0.439,0.441,0.432,2081568,90841224.975,2.04,-0.45,-0.002,3.84
2025-04-01,0.44,0.435,0.441,0.434,1767424,77269746.224,1.59,-0.91,-0.004,3.26
2025-04-02,0.435,0.438,0.441,0.435,1552712,68014057.7,1.38,0.69,0.003,2.86
2025-04-03,0.433,0.426,0.434,0.422,3909964,167354165.484,2.74,-2.74,-0.012,7.21
2025-04-07,0.405,0.372,0.405,0.357,9331013,353332792.797,11.27,-12.68,-0.054,17.22
2025-04-08,0.373,0.371,0.382,0.363,4940994,184060676.8,5.11,-0.27,-0.001,9.12
2025-04-09,0.36,0.376,0.38,0.353,5639511,208632919.3,7.28,1.35,0.005,10.41
2025-04-10,0.39,0.389,0.4,0.388,8852922,348872768.348,3.19,3.46,0.013,16.33
2025-04-11,0.385,0.399,0.403,0.385,4425277,174639681.458,4.63,2.57,0.01,8.17
2025-04-14,0.408,0.4,0.409,0.399,2933791,118471570.1,2.51,0.25,0.001,5.41
2025-04-15,0.399,0.402,0.403,0.398,2095631,83910049.9,1.25,0.5,0.002,3.87
2025-04-16,0.4,0.395,0.4,0.389,2200347,86714676.9,2.74,-1.74,-0.007,4.06
2025-04-17,0.393,0.395,0.4,0.391,1927193,76348074.511,2.28,0.0,0.0,3.56
2025-04-18,0.395,0.396,0.398,0.393,1348339,53301177.612,1.27,0.25,0.001,2.49
2025-04-21,0.396,0.406,0.407,0.393,3003119,120988689.312,3.54,2.53,0.01,5.54
2025-04-22,0.405,0.402,0.405,0.4,1602677,64537752.6,1.23,-0.99,-0.004,2.96
2025-04-23,0.405,0.411,0.413,0.405,5198136,212094964.902,1.99,2.24,0.009,9.59
2025-04-24,0.409,0.404,0.41,0.404,2068135,83983072.4,1.46,-1.7,-0.007,3.82
2025-04-25,0.404,0.407,0.411,0.404,1912216,77924820.529,1.73,0.74,0.003,3.53
2025-04-28,0.407,0.404,0.408,0.403,1246790,50542340.6,1.23,-0.74,-0.003,2.3
2025-04-29,0.404,0.404,0.406,0.4,2063197,83284834.636,1.49,0.0,0.0,3.81
2025-04-30,0.405,0.411,0.413,0.404,1795681,73533021.8,2.23,1.73,0.007,3.31
2025-05-06,0.414,0.42,0.42,0.414,1680812,70164932.022,1.46,2.19,0.009,3.1
2025-05-07,0.426,0.42,0.43,0.416,2790824,117803037.459,3.33,0.0,0.0,5.15
2025-05-08,0.42,0.424,0.426,0.418,1635323,69268949.3,1.9,0.95,0.004,3.02
2025-05-09,0.424,0.418,0.424,0.416,1547469,64880186.916,1.89,-1.42,-0.006,2.86
2025-05-12,0.425,0.431,0.431,0.423,2528747,107995880.0,1.91,3.11,0.013,4.67
2025-05-13,0.438,0.428,0.438,0.426,3471067,149120081.537,2.78,-0.7,-0.003,6.4
2025-05-14,0.428,0.431,0.434,0.425,2111074,90683413.187,2.1,0.7,0.003,3.9
2025-05-15,0.43,0.421,0.431,0.42,1914183,81074551.0,2.55,-2.32,-0.01,3.53
2025-05-16,0.419,0.42,0.424,0.418,1315959,55401763.5,1.43,-0.24,-0.001,2.43
2025-05-19,0.419,0.419,0.42,0.413,1291479,53783697.7,1.67,-0.24,-0.001,2.38
2025-05-20,0.419,0.424,0.426,0.417,1440332,60688288.1,2.15,1.19,0.005,2.66
2025-05-21,0.423,0.425,0.427,0.421,1430884,60687652.416,1.42,0.24,0.001,2.64
2025-05-22,0.423,0.42,0.424,0.418,1173793,49422500.1,1.41,-1.18,-0.005,2.17
2025-05-23,0.419,0.414,0.422,0.413,1593785,66465912.48,2.14,-1.43,-0.006,2.94
2025-05-26,0.412,0.413,0.414,0.408,1454576,59819420.227,1.45,-0.24,-0.001,2.68
2025-05-27,0.411,0.408,0.412,0.406,1401838,57234929.2,1.45,-1.21,-0.005,2.59
2025-05-28,0.408,0.409,0.413,0.408,897721,36794900.3,1.23,0.25,0.001,1.66
2025-05-29,0.409,0.415,0.416,0.409,1132556,46843873.678,1.71,1.47,0.006,2.09
2025-05-30,0.413,0.41,0.413,0.408,1067756,43794347.77,1.2,-1.2,-0.005,1.97
2025-06-03,0.408,0.413,0.415,0.408,1477987,60956492.347,1.71,0.73,0.003,2.73
2025-06-04,0.414,0.418,0.42,0.413,1398627,58405803.6,1.69,1.21,0.005,2.58
2025-06-05,0.418,0.428,0.43,0.416,2626968,111532979.348,3.35,2.39,0.01,4.85
2025-06-06,0.428,0.426,0.428,0.425,1030357,43916331.9,0.7,-0.47,-0.002,1.9
2025-06-09,0.427,0.429,0.433,0.426,1102912,47410449.4,1.64,0.7,0.003,2.04
2025-06-10,0.43,0.424,0.43,0.42,1459474,61993910.5,2.33,-1.17,-0.005,2.69
2025-06-11,0.424,0.429,0.433,0.424,2249353,96582449.0,2.12,1.18,0.005,4.15
2025-06-12,0.428,0.43,0.433,0.426,1763881,75898496.31,1.63,0.23,0.001,3.25
2025-06-13,0.428,0.426,0.431,0.423,1453079,61978059.0,1.86,-0.93,-0.004,2.68
2025-06-16,0.425,0.429,0.429,0.424,1200713,51380600.6,1.17,0.7,0.003,2.22
2025-06-17,0.429,0.427,0.43,0.424,884324,37736013.5,1.4,-0.47,-0.002,1.63
2025-06-18,0.427,0.429,0.429,0.425,902314,38546743.229,0.94,0.47,0.002,1.66
2025-06-19,0.428,0.42,0.428,0.419,1608958,68170865.338,2.1,-2.1,-0.009,2.97
2025-06-20,0.42,0.415,0.422,0.415,1269143,52951577.3,1.67,-1.19,-0.005,2.34
2025-06-23,0.413,0.418,0.42,0.412,1251284,52074792.48,1.93,0.72,0.003,2.31
2025-06-24,0.42,0.431,0.432,0.419,2489769,106666700.336,3.11,3.11,0.013,4.59
2025-06-25,0.432,0.449,0.451,0.431,5926403,261595634.182,4.64,4.18,0.018,10.93
2025-06-26,0.45,0.445,0.452,0.444,5598038,251343315.5,1.78,-0.89,-0.004,10.33
2025-06-27,0.445,0.446,0.453,0.444,3183889,142643374.856,2.02,0.22,0.001,5.87
2025-06-30,0.446,0.451,0.451,0.446,1884543,84620580.355,1.12,1.12,0.005,3.48
2025-07-01,0.451,0.451,0.452,0.447,1526836,68680291.779,1.11,0.0,0.0,2.82
2025-07-02,0.45,0.445,0.45,0.443,1497822,66792283.3,1.55,-1.33,-0.006,2.76
2025-07-03,0.446,0.451,0.452,0.445,2054852,92303838.943,1.57,1.35,0.006,3.79
2025-07-04,0.451,0.45,0.459,0.448,2434040,110104204.545,2.44,-0.22,-0.001,4.49
2025-07-07,0.449,0.447,0.451,0.446,1441254,64451188.06,1.11,-0.67,-0.003,2.66
2025-07-08,0.446,0.457,0.457,0.446,2099783,95410275.2,2.46,2.24,0.01,3.87
2025-07-09,0.456,0.455,0.461,0.454,1854991,84933985.2,1.53,-0.44,-0.002,3.42
2025-07-10,0.456,0.455,0.459,0.452,1280569,58245837.317,1.54,0.0,0.0,2.36
2025-07-11,0.456,0.463,0.467,0.454,2473465,114389891.5,2.86,1.76,0.008,4.56
2025-07-14,0.462,0.46,0.463,0.458,1259961,57945032.9,1.08,-0.65,-0.003,2.32
2025-07-15,0.46,0.464,0.467,0.459,2762730,128102607.971,1.74,0.87,0.004,5.1
2025-07-16,0.464,0.462,0.467,0.461,2400820,110996826.3,1.29,-0.43,-0.002,4.43
2025-07-17,0.461,0.47,0.47,0.46,1898795,88658280.3,2.16,1.73,0.008,3.5
2025-07-18,0.471,0.469,0.474,0.466,3670005,172145936.581,1.7,-0.21,-0.001,6.77
2025-07-21,0.469,0.471,0.473,0.467,1343549,63135265.26,1.28,0.43,0.002,2.48
2025-07-22,0.471,0.473,0.474,0.469,1255839,59273495.6,1.06,0.42,0.002,2.32
2025-07-23,0.472,0.473,0.479,0.47,3133540,148464356.104,1.9,0.0,0.0,5.78
2025-07-24,0.473,0.48,0.48,0.473,1649110,78824962.406,1.48,1.48,0.007,3.04
2025-07-25,0.48,0.478,0.481,0.476,1877051,89727618.953,1.04,-0.42,-0.002,3.46
2025-07-28,0.479,0.488,0.489,0.479,2890310,140198400.13,2.09,2.09,0.01,5.33
2025-07-29,0.487,0.492,0.492,0.482,1880546,91716791.613,2.05,0.82,0.004,3.47
2025-07-30,0.49,0.483,0.491,0.479,2241036,108825446.09,2.44,-1.83,-0.009,4.13
2025-07-31,0.483,0.476,0.489,0.474,3106848,149602672.342,3.11,-1.45,-0.007,5.73
2025-08-01,0.474,0.474,0.479,0.47,1970080,93528050.278,1.89,-0.42,-0.002,3.64
2025-08-04,0.471,0.478,0.478,0.47,1546314,73257044.499,1.69,0.84,0.004,2.85
2025-08-05,0.48,0.482,0.482,0.477,1493717,71722835.451,1.05,0.84,0.004,2.76
2025-08-06,0.481,0.487,0.488,0.48,1213618,58842084.295,1.66,1.04,0.005,2.24
2025-08-07,0.487,0.484,0.489,0.479,1730828,83658857.234,2.05,-0.62,-0.003,3.19
2025-08-08,0.483,0.48,0.485,0.479,1314478,63307871.238,1.24,-0.83,-0.004,2.43
2025-08-11,0.48,0.491,0.493,0.48,2406451,117749425.242,2.71,2.29,0.011,4.44
2025-08-12,0.491,0.495,0.496,0.488,1758313,86730096.005,1.63,0.81,0.004,3.24
2025-08-13,0.498,0.512,0.513,0.497,4010847,203125261.312,3.23,3.43,0.017,7.4
2025-08-14,0.513,0.508,0.516,0.506,2787255,142444875.431,1.95,-0.78,-0.004,5.14
2025-08-15,0.506,0.529,0.53,0.505,3923812,204932117.987,4.92,4.13,0.021,7.24
2025-08-18,0.53,0.545,0.553,0.524,5784470,312000333.653,5.48,3.02,0.016,10.67
2025-08-19,0.543,0.539,0.548,0.536,3086906,167023588.891,2.2,-1.1,-0.006,5.7
2025-08-20,0.534,0.541,0.541,0.526,3097974,165070204.647,2.78,0.37,0.002,5.72
2025-08-21,0.543,0.534,0.544,0.531,2793143,149852058.92,2.4,-1.29,-0.007,5.15
2025-08-22,0.532,0.55,0.551,0.53,3745658,203695535.403,3.93,3.0,0.016,6.91
2025-08-25,0.555,0.568,0.571,0.551,4236852,237177318.454,3.64,3.27,0.018,7.82
2025-08-26,0.564,0.56,0.567,0.557,3647835,205187301.304,1.76,-1.41,-0.008,6.73
2025-08-27,0.558,0.551,0.572,0.551,4205503,236387854.361,3.75,-1.61,-0.009,7.76
2025-08-28,0.548,0.573,0.573,0.545,5792333,322387821.843,5.08,3.99,0.022,10.69
2025-08-29,0.573,0.586,0.592,0.569,7511988,438688172.32,4.01,2.27,0.013,13.86
2025-09-01,0.586,0.586,0.593,0.578,5184646,303568233.355,2.56,0.0,0.0,9.57
2025-09-02,0.586,0.574,0.592,0.567,4980122,288554014.964,4.27,-2.05,-0.012,9.19
2025-09-03,0.574,0.567,0.581,0.563,4286388,245096428.62,3.14,-1.22,-0.007,7.91
2025-09-04,0.568,0.548,0.577,0.54,5593910,312464731.153,6.53,-3.35,-0.019,10.32
2025-09-05,0.546,0.58,0.58,0.545,4933890,278590309.168,6.39,5.84,0.032,9.1
2025-09-08,0.581,0.577,0.581,0.567,3018996,173379118.286,2.41,-0.52,-0.003,5.57
2025-09-09,0.572,0.563,0.574,0.558,2228840,126105874.365,2.77,-2.43,-0.014,4.11
2025-09-10,0.563,0.57,0.576,0.56,2652990,151037143.333,2.84,1.24,0.007,4.9
2025-09-11,0.569,0.597,0.599,0.566,4827591,282421533.486,5.79,4.74,0.027,8.91
2025-09-12,0.597,0.596,0.604,0.592,2414904,144351064.978,2.01,-0.17,-0.001,4.46
2025-09-15,0.592,0.595,0.602,0.588,3655665,218151071.229,2.35,-0.17,-0.001,6.75
2025-09-16,0.596,0.6,0.605,0.586,3682258,220008441.08,3.19,0.84,0.005,6.79
2025-09-17,0.599,0.609,0.613,0.591,6942098,419762812.094,3.67,1.5,0.009,12.81
2025-09-18,0.6,0.597,0.617,0.59,7089199,428685229.286,4.43,-1.97,-0.012,13.08
2025-09-19,0.603,0.6,0.61,0.594,5023623,302306274.078,2.68,0.5,0.003,9.27
2025-09-22,0.599,0.601,0.602,0.587,7011937,418833891.131,2.5,0.17,0.001,12.94
2025-09-23,0.612,0.603,0.618,0.585,4785822,288787150.82,5.49,0.33,0.002,8.83
2025-09-24,0.591,0.605,0.607,0.588,4790387,286379107.1,3.15,0.33,0.002,8.84
2025-09-25,0.6,0.615,0.624,0.594,5703357,349464052.895,4.96,1.65,0.01,10.52
2025-09-26,0.61,0.597,0.621,0.597,3408956,207223112.825,3.9,-2.93,-0.018,6.29
2025-09-29,0.594,0.616,0.621,0.594,5834436,356128351.461,4.52,3.18,0.019,10.77
2025-09-30,0.616,0.606,0.623,0.603,4590018,279911147.495,3.25,-1.62,-0.01,8.47
2025-10-09,0.607,0.603,0.617,0.601,4655720,283925566.718,2.64,-0.5,-0.003,8.59
2025-10-10,0.601,0.579,0.602,0.577,4618166,272714038.163,4.15,-3.98,-0.024,8.52
2025-10-13,0.559,0.572,0.576,0.55,4562898,258448532.668,4.49,-1.21,-0.007,8.42
2025-10-14,0.58,0.545,0.581,0.542,6493159,364576374.09,6.82,-4.72,-0.027,11.98
2025-10-15,0.543,0.558,0.56,0.539,4141249,227831985.832,3.85,2.39,0.013,7.64
2025-10-16,0.554,0.561,0.57,0.553,3658357,205986995.6,3.05,0.54,0.003,6.75
2025-10-17,0.561,0.548,0.565,0.547,3583599,198388964.434,3.21,-2.32,-0.013,6.61
2025-10-20,0.564,0.565,0.578,0.558,4652100,264173397.9,3.65,3.1,0.017,8.58
2025-10-21,0.567,0.591,0.598,0.562,9831492,576685038.822,6.37,4.6,0.026,18.14
2025-10-22,0.585,0.589,0.597,0.584,3188386,188380188.283,2.2,-0.34,-0.002,5.88
2025-10-23,0.585,0.584,0.587,0.573,2800095,162428304.896,2.38,-0.85,-0.005,5.17
2025-10-24,0.593,0.615,0.616,0.587,5152303,310817373.761,4.97,5.31,0.031,9.51
2025-10-27,0.632,0.638,0.64,0.625,4602933,291401148.273,2.44,3.74,0.023,8.49
2025-10-28,0.63,0.639,0.652,0.628,5298995,339779052.679,3.76,0.16,0.001,9.78
2025-10-29,0.651,0.651,0.654,0.637,4429641,286232117.576,2.66,1.88,0.012,8.17
2025-10-30,0.641,0.626,0.648,0.626,4454963,282430893.724,3.38,-3.84,-0.025,8.22
2025-10-31,0.622,0.6,0.627,0.599,5457519,332760341.662,4.47,-4.15,-0.026,10.07
2025-11-03,0.595,0.601,0.603,0.585,4682659,278142437.2,3.0,0.17,0.001,8.64
2025-11-04,0.6,0.593,0.608,0.588,3477686,207977118.712,3.33,-1.33,-0.008,6.42
2025-11-05,0.58,0.594,0.597,0.578,2940885,172823360.509,3.2,0.17,0.001,5.43
2025-11-06,0.599,0.61,0.614,0.598,3877124,235136065.336,2.69,2.69,0.016,7.15
2025-11-07,0.605,0.606,0.613,0.598,3062600,185293930.516,2.46,-0.66,-0.004,5.65
2025-11-10,0.607,0.597,0.609,0.582,4489470,265560900.6,4.46,-1.49,-0.009,8.28
2025-11-11,0.602,0.582,0.604,0.58,3391800,200116268.29,4.02,-2.51,-0.015,6.26
2025-11-12,0.577,0.584,0.587,0.569,4302100,248390740.7,3.09,0.34,0.002,7.94
2025-11-13,0.582,0.591,0.593,0.575,3404436,199229364.674,3.08,1.2,0.007,6.28
2025-11-14,0.582,0.573,0.584,0.572,3069847,177717055.178,2.03,-3.05,-0.018,5.66
2025-11-17,0.569,0.574,0.581,0.569,2481253,142491052.4,2.09,0.17,0.001,4.58
2025-11-18,0.57,0.572,0.583,0.569,2883414,165912280.424,2.44,-0.35,-0.002,5.32
2025-11-19,0.57,0.578,0.584,0.569,3340540,193064443.005,2.62,1.05,0.006,6.16
2025-11-20,0.591,0.575,0.596,0.573,2960271,172071013.57,3.98,-0.52,-0.003,5.46
2025-11-21,0.564,0.547,0.565,0.545,4309208,238880131.9,3.48,-4.87,-0.028,7.95
2025-11-24,0.551,0.545,0.554,0.536,3459830,188712661.144,3.29,-0.37,-0.002,6.38
2025-11-25,0.555,0.56,0.573,0.554,3986706,224308497.933,3.49,2.75,0.015,7.36
2025-11-26,0.558,0.583,0.593,0.553,5468310,315840900.013,7.14,4.11,0.023,10.09
2025-11-27,0.58,0.58,0.602,0.578,4077730,240537666.053,4.12,-0.51,-0.003,7.52
2025-11-28,0.58,0.583,0.588,0.574,2641838,153369938.0,2.41,0.52,0.003,4.87
2025-12-01,0.585,0.592,0.592,0.578,3528819,207541241.5,2.4,1.54,0.009,6.51
2025-12-02,0.592,0.59,0.596,0.585,2929062,172837165.5,1.86,-0.34,-0.002,5.4
2025-12-03,0.592,0.586,0.603,0.583,4106861,243809064.649,3.39,-0.68,-0.004,7.58
2025-12-04,0.584,0.593,0.595,0.579,4301934,253064659.88,2.73,1.19,0.007,7.94
2025-12-05,0.596,0.603,0.606,0.59,5019158,300593171.601,2.7,1.69,0.01,9.26
2025-12-08,0.605,0.63,0.636,0.605,10172646,638113641.232,5.14,4.48,0.027,18.77
2025-12-09,0.628,0.643,0.648,0.626,6751331,432580462.007,3.49,2.06,0.013,12.46
2025-12-10,0.642,0.646,0.649,0.624,5679556,361115160.44,3.89,0.47,0.003,10.48
2025-12-11,0.642,0.629,0.653,0.629,4257495,273669015.905,3.72,-2.63,-0.017,7.86
2025-12-12,0.628,0.637,0.641,0.622,4650105,294029125.253,3.02,1.27,0.008,8.58
2025-12-15,0.626,0.624,0.636,0.622,3710954,232819718.377,2.2,-2.04,-0.013,6.85
2025-12-16,0.621,0.607,0.625,0.602,4260197,261154843.104,3.69,-2.72,-0.017,7.86
2025-12-17,0.608,0.637,0.639,0.608,6308987,394564657.091,5.11,4.94,0.03,11.64
2025-12-18,0.63,0.617,0.631,0.617,4751367,296130295.7,2.2,-3.14,-0.02,8.77
2025-12-19,0.625,0.621,0.631,0.617,4583515,285685213.2,2.27,0.65,0.004,8.46
2025-12-22,0.63,0.643,0.644,0.63,5649170,360666627.019,2.25,3.54,0.022,10.42
2025-12-23,0.644,0.648,0.652,0.64,4029654,260258971.701,1.87,0.78,0.005,7.44
2025-12-24,0.65,0.649,0.652,0.64,3537508,228549007.5,1.85,0.15,0.001,6.53
