日期,开盘,收盘,最高,最低,成交量,成交额,振幅,涨跌幅,涨跌额,换手率
2021-05-20,0.955,0.943,0.955,0.939,385220,37729733.0,1.67,-1.77,-0.017,0.74
2021-05-21,0.944,0.943,0.948,0.937,292796,28655140.0,1.17,0.0,0.0,0.56
2021-05-24,0.943,0.948,0.949,0.943,71984,7081563.0,0.64,0.53,0.005,0.14
2021-05-25,0.948,0.949,0.953,0.945,164202,16180621.0,0.84,0.11,0.001,0.31
2021-05-26,0.949,0.958,0.958,0.948,314797,31194887.0,1.05,0.95,0.009,0.6
2021-05-27,0.953,0.959,0.96,0.952,262862,26095659.0,0.84,0.1,0.001,0.5
2021-05-28,0.958,0.959,0.963,0.957,63087,6287229.0,0.63,0.0,0.0,0.12
2021-05-31,0.954,0.949,0.959,0.945,112044,11046699.0,1.46,-1.04,-0.01,0.21
2021-06-01,0.949,0.947,0.949,0.944,64614,6355616.0,0.53,-0.21,-0.002,0.12
2021-06-02,0.947,0.953,0.958,0.947,97238,9629327.0,1.16,0.63,0.006,0.19
2021-06-03,0.953,0.951,0.957,0.95,38983,3856443.0,0.73,-0.21,-0.002,0.07
2021-06-04,0.948,0.951,0.952,0.947,74616,7356841.0,0.53,0.0,0.0,0.14
2021-06-07,0.95,0.95,0.951,0.948,82147,8108002.0,0.32,-0.11,-0.001,0.16
2021-06-08,0.954,0.951,0.954,0.946,84710,8353910.0,0.84,0.11,0.001,0.16
2021-06-09,0.952,0.955,0.956,0.951,77362,7665477.0,0.53,0.42,0.004,0.15
2021-06-10,0.953,0.952,0.957,0.952,65542,6500539.0,0.52,-0.31,-0.003,0.13
2021-06-11,0.953,0.951,0.953,0.947,151610,14969036.0,0.63,-0.11,-0.001,0.29
2021-06-15,0.95,0.944,0.953,0.939,172806,16934870.0,1.47,-0.74,-0.007,0.33
2021-06-16,0.942,0.942,0.944,0.94,142209,13927993.0,0.42,-0.21,-0.002,0.27
2021-06-17,0.937,0.94,0.943,0.937,74472,7284587.0,0.64,-0.21,-0.002,0.14
2021-06-18,0.939,0.935,0.94,0.934,29777,2894961.0,0.64,-0.53,-0.005,0.06
2021-06-21,0.934,0.928,0.934,0.924,108196,10423307.0,1.07,-0.75,-0.007,0.21
2021-06-22,0.927,0.937,0.938,0.927,108254,10532821.0,1.19,0.97,0.009,0.21
2021-06-23,0.937,0.94,0.941,0.934,182421,17776164.0,0.75,0.32,0.003,0.35
2021-06-24,0.942,0.945,0.948,0.942,59943,5891072.0,0.64,0.53,0.005,0.11
2021-06-25,0.947,0.95,0.952,0.946,98208,9682610.0,0.63,0.53,0.005,0.19
2021-06-28,0.95,0.941,0.95,0.94,28401,2790433.0,1.05,-0.95,-0.009,0.05
2021-06-29,0.943,0.934,0.944,0.934,35520,3457504.0,1.06,-0.74,-0.007,0.07
2021-06-30,0.937,0.933,0.94,0.932,41426,4025039.0,0.86,-0.11,-0.001,0.08
2021-07-01,0.933,0.933,0.936,0.925,121416,11756885.0,1.18,0.0,0.0,0.23
2021-07-02,0.934,0.929,0.934,0.926,170805,16509058.0,0.86,-0.43,-0.004,0.33
2021-07-05,0.931,0.934,0.936,0.931,263130,25535246.0,0.54,0.54,0.005,0.5
2021-07-06,0.933,0.93,0.936,0.928,169075,16375501.0,0.86,-0.43,-0.004,0.32
2021-07-07,0.926,0.922,0.927,0.92,297967,28604527.0,0.75,-0.86,-0.008,0.57
2021-07-08,0.921,0.91,0.925,0.908,84714,8065987.0,1.84,-1.3,-0.012,0.16
2021-07-09,0.908,0.904,0.91,0.902,288797,27244710.0,0.88,-0.66,-0.006,0.55
2021-07-12,0.906,0.909,0.917,0.905,200319,18959307.0,1.33,0.55,0.005,0.38
2021-07-13,0.908,0.917,0.92,0.908,75208,7176989.0,1.32,0.88,0.008,0.14
2021-07-14,0.917,0.904,0.917,0.904,76148,7193683.0,1.42,-1.42,-0.013,0.15
2021-07-15,0.905,0.918,0.919,0.904,79433,7565044.0,1.66,1.55,0.014,0.15
2021-07-16,0.913,0.918,0.92,0.911,64451,6159997.0,0.98,0.0,0.0,0.12
2021-07-19,0.918,0.909,0.918,0.904,62849,5925057.0,1.53,-0.98,-0.009,0.12
2021-07-20,0.904,0.892,0.904,0.891,101527,9450710.0,1.43,-1.87,-0.017,0.19
2021-07-21,0.899,0.891,0.901,0.886,101764,9438614.0,1.68,-0.11,-0.001,0.19
2021-07-22,0.89,0.904,0.904,0.89,74435,6978532.0,1.57,1.46,0.013,0.14
2021-07-23,0.898,0.9,0.905,0.898,85678,8036916.0,0.77,-0.44,-0.004,0.16
2021-07-26,0.895,0.887,0.895,0.887,62272,5764582.0,0.89,-1.44,-0.013,0.12
2021-07-27,0.888,0.873,0.894,0.871,74626,6893452.0,2.59,-1.58,-0.014,0.14
2021-07-28,0.87,0.867,0.873,0.862,53463,4839675.0,1.26,-0.69,-0.006,0.1
2021-07-29,0.871,0.872,0.883,0.871,23411,2132821.0,1.38,0.58,0.005,0.04
2021-07-30,0.874,0.869,0.875,0.866,32660,2960020.0,1.03,-0.34,-0.003,0.06
2021-08-02,0.868,0.881,0.885,0.863,158629,14581868.0,2.53,1.38,0.012,0.3
2021-08-03,0.916,0.888,0.916,0.875,222109,20488513.0,4.65,0.79,0.007,0.42
2021-08-04,0.888,0.895,0.902,0.886,216652,20160123.0,1.8,0.79,0.007,0.41
2021-08-05,0.895,0.884,0.895,0.883,20129,1860865.0,1.34,-1.23,-0.011,0.04
2021-08-06,0.884,0.885,0.885,0.882,82854,7624563.0,0.34,0.11,0.001,0.16
2021-08-09,0.889,0.891,0.897,0.884,87633,8153280.0,1.47,0.68,0.006,0.17
2021-08-10,0.892,0.894,0.896,0.886,117706,10919091.0,1.12,0.34,0.003,0.23
2021-08-11,0.899,0.906,0.911,0.888,67598,6373832.0,2.57,1.34,0.012,0.13
2021-08-12,0.91,0.91,0.913,0.892,25435,2410172.0,2.32,0.44,0.004,0.05
2021-08-13,0.913,0.906,0.915,0.903,54913,5188437.0,1.32,-0.44,-0.004,0.11
2021-08-16,0.904,0.907,0.916,0.902,17947,1704011.0,1.55,0.11,0.001,0.03
2021-08-17,0.912,0.9,0.917,0.9,24817,2358538.0,1.87,-0.77,-0.007,0.05
2021-08-18,0.906,0.909,0.909,0.906,19650,1856049.0,0.33,1.0,0.009,0.04
2021-08-19,0.91,0.894,0.91,0.891,41498,3880168.0,2.09,-1.65,-0.015,0.08
2021-08-20,0.896,0.888,0.897,0.881,31566,2920704.0,1.79,-0.67,-0.006,0.06
2021-08-23,0.888,0.899,0.905,0.885,22476,2105211.0,2.25,1.24,0.011,0.04
2021-08-24,0.899,0.898,0.902,0.895,136920,12833486.0,0.78,-0.11,-0.001,0.26
2021-08-25,0.897,0.906,0.907,0.892,33707,3174750.0,1.67,0.89,0.008,0.06
2021-08-26,0.906,0.902,0.91,0.901,23764,2236612.0,0.99,-0.44,-0.004,0.05
2021-08-27,0.902,0.9,0.905,0.9,35560,3342037.0,0.55,-0.22,-0.002,0.07
2021-08-30,0.9,0.902,0.905,0.899,103817,9754228.0,0.67,0.22,0.002,0.2
2021-08-31,0.902,0.915,0.916,0.9,96020,9059103.0,1.77,1.44,0.013,0.18
2021-09-01,0.921,0.922,0.926,0.919,101249,9710968.0,0.77,0.77,0.007,0.19
2021-09-02,0.927,0.929,0.93,0.923,59211,5709446.0,0.76,0.76,0.007,0.11
2021-09-03,0.933,0.933,0.939,0.933,34894,3393732.0,0.65,0.43,0.004,0.07
2021-09-06,0.936,0.929,0.94,0.927,96729,9384066.0,1.39,-0.43,-0.004,0.19
2021-09-07,0.929,0.928,0.932,0.924,54617,5265722.0,0.86,-0.11,-0.001,0.1
2021-09-08,0.927,0.924,0.93,0.923,49770,4791733.0,0.75,-0.43,-0.004,0.1
2021-09-09,0.925,0.919,0.928,0.918,44262,4244048.0,1.08,-0.54,-0.005,0.08
2021-09-10,0.919,0.926,0.931,0.919,95481,9203153.0,1.31,0.76,0.007,0.18
2021-09-13,0.926,0.931,0.933,0.922,66433,6415339.0,1.19,0.54,0.005,0.13
2021-09-14,0.931,0.913,0.939,0.912,92619,8893555.0,2.9,-1.93,-0.018,0.18
2021-09-15,0.912,0.899,0.912,0.897,50337,4734134.0,1.64,-1.53,-0.014,0.1
2021-09-16,0.897,0.876,0.897,0.867,123942,11361058.0,3.34,-2.56,-0.023,0.24
2021-09-17,0.871,0.873,0.884,0.867,141932,12952361.0,1.94,-0.34,-0.003,0.27
2021-09-22,0.868,0.869,0.871,0.849,58314,5277370.0,2.52,-0.46,-0.004,0.11
2021-09-23,0.874,0.885,0.901,0.874,178402,16557652.0,3.11,1.84,0.016,0.34
2021-09-24,0.885,0.871,0.886,0.871,31190,2865749.0,1.69,-1.58,-0.014,0.06
2021-09-27,0.87,0.868,0.88,0.864,180821,16444495.0,1.84,-0.34,-0.003,0.35
2021-09-28,0.873,0.886,0.89,0.864,153018,14078131.0,3.0,2.07,0.018,0.29
2021-09-29,0.886,0.888,0.892,0.877,53161,4912878.0,1.69,0.23,0.002,0.1
2021-09-30,0.893,0.895,0.896,0.887,125345,11638291.0,1.01,0.79,0.007,0.24
2021-10-08,0.897,0.897,0.905,0.896,72015,6740013.0,1.01,0.22,0.002,0.14
2021-10-11,0.895,0.894,0.908,0.893,157339,14659332.0,1.67,-0.33,-0.003,0.3
2021-10-12,0.879,0.889,0.897,0.876,87727,8153237.0,2.35,-0.56,-0.005,0.17
2021-10-13,0.878,0.899,0.901,0.878,131970,12256613.0,2.59,1.12,0.01,0.25
2021-10-14,0.899,0.898,0.904,0.888,13224,1235441.0,1.78,-0.11,-0.001,0.03
2021-10-15,0.904,0.885,0.904,0.878,144596,13280883.0,2.9,-1.45,-0.013,0.28
2021-10-18,0.885,0.892,0.893,0.885,150760,13980684.0,0.9,0.79,0.007,0.29
2021-10-19,0.892,0.894,0.898,0.876,45403,4228413.0,2.47,0.22,0.002,0.09
2021-10-20,0.892,0.886,0.894,0.885,59676,5514158.0,1.01,-0.89,-0.008,0.11
2021-10-21,0.877,0.903,0.903,0.877,78977,7386048.0,2.93,1.92,0.017,0.15
2021-10-22,0.906,0.911,0.92,0.905,228182,21709463.0,1.66,0.89,0.008,0.44
2021-10-25,0.905,0.897,0.905,0.894,192588,17978465.0,1.21,-1.54,-0.014,0.37
2021-10-26,0.898,0.884,0.898,0.883,144270,13332331.0,1.67,-1.45,-0.013,0.28
2021-10-27,0.88,0.88,0.882,0.878,101926,9347854.0,0.45,-0.45,-0.004,0.19
2021-10-28,0.88,0.872,0.88,0.871,112393,10248213.0,1.02,-0.91,-0.008,0.22
2021-10-29,0.866,0.866,0.88,0.865,67285,6098206.0,1.72,-0.69,-0.006,0.13
2021-11-01,0.867,0.869,0.87,0.864,32960,2981776.0,0.69,0.35,0.003,0.06
2021-11-02,0.867,0.853,0.872,0.849,85542,7658826.0,2.65,-1.84,-0.016,0.16
2021-11-03,0.854,0.855,0.861,0.852,35718,3189189.0,1.06,0.23,0.002,0.07
2021-11-04,0.856,0.846,0.857,0.846,89733,7948658.0,1.29,-1.05,-0.009,0.17
2021-11-05,0.846,0.831,0.846,0.83,53605,4679581.0,1.89,-1.77,-0.015,0.1
2021-11-08,0.833,0.843,0.845,0.833,69842,6124366.0,1.44,1.44,0.012,0.13
2021-11-09,0.843,0.831,0.843,0.831,92927,8082132.0,1.42,-1.42,-0.012,0.18
2021-11-10,0.831,0.844,0.844,0.822,122549,10628459.0,2.65,1.56,0.013,0.23
2021-11-11,0.844,0.871,0.871,0.844,297847,26724486.0,3.2,3.2,0.027,0.57
2021-11-12,0.871,0.863,0.873,0.861,146817,13251481.0,1.38,-0.92,-0.008,0.28
2021-11-15,0.863,0.849,0.863,0.848,129375,11496270.0,1.74,-1.62,-0.014,0.25
2021-11-16,0.849,0.855,0.857,0.849,128674,11466105.0,0.94,0.71,0.006,0.25
2021-11-17,0.856,0.852,0.856,0.848,52873,4695030.0,0.94,-0.35,-0.003,0.1
2021-11-18,0.852,0.843,0.852,0.84,62216,5471210.0,1.41,-1.06,-0.009,0.12
2021-11-19,0.842,0.853,0.855,0.841,186257,16493913.0,1.66,1.19,0.01,0.36
2021-11-22,0.854,0.844,0.854,0.843,107110,9480223.0,1.29,-1.06,-0.009,0.2
2021-11-23,0.844,0.85,0.852,0.841,196837,17419802.0,1.3,0.71,0.006,0.38
2021-11-24,0.85,0.854,0.854,0.85,143148,12728241.0,0.47,0.47,0.004,0.27
2021-11-25,0.854,0.852,0.855,0.85,47198,4195543.0,0.59,-0.23,-0.002,0.09
2021-11-26,0.85,0.836,0.85,0.835,104709,9169887.0,1.76,-1.88,-0.016,0.2
2021-11-29,0.83,0.828,0.834,0.827,56052,4863956.0,0.84,-0.96,-0.008,0.11
2021-11-30,0.828,0.811,0.829,0.808,98784,8448031.0,2.54,-2.05,-0.017,0.19
2021-12-01,0.811,0.819,0.824,0.811,48453,4144964.0,1.6,0.99,0.008,0.09
2021-12-02,0.82,0.827,0.828,0.815,99853,8585007.0,1.59,0.98,0.008,0.19
2021-12-03,0.827,0.831,0.836,0.822,63404,5496425.0,1.69,0.48,0.004,0.12
2021-12-06,0.834,0.83,0.844,0.829,93756,8184179.0,1.81,-0.12,-0.001,0.18
2021-12-07,0.846,0.84,0.846,0.831,46150,4032870.0,1.81,1.2,0.01,0.09
2021-12-08,0.84,0.836,0.841,0.833,43826,3822735.0,0.95,-0.48,-0.004,0.08
2021-12-09,0.836,0.838,0.841,0.836,51334,4496815.0,0.6,0.24,0.002,0.1
2021-12-10,0.838,0.833,0.844,0.833,131730,11540812.0,1.31,-0.6,-0.005,0.25
2021-12-13,0.834,0.83,0.837,0.829,82742,7203058.0,0.96,-0.36,-0.003,0.16
2021-12-14,0.828,0.81,0.828,0.808,141865,12072603.0,2.41,-2.41,-0.02,0.27
2021-12-15,0.811,0.81,0.815,0.805,106134,8994806.0,1.23,0.0,0.0,0.2
2021-12-16,0.813,0.817,0.818,0.808,130888,11146115.0,1.23,0.86,0.007,0.25
2021-12-17,0.818,0.814,0.82,0.814,76944,6567072.0,0.73,-0.37,-0.003,0.15
2021-12-20,0.814,0.798,0.814,0.797,87518,7371025.0,2.09,-1.97,-0.016,0.17
2021-12-21,0.799,0.81,0.81,0.798,48927,4121965.0,1.5,1.5,0.012,0.09
2021-12-22,0.812,0.805,0.812,0.803,124619,10496034.0,1.11,-0.62,-0.005,0.24
2021-12-23,0.808,0.816,0.818,0.807,220647,18787698.0,1.37,1.37,0.011,0.42
2021-12-24,0.818,0.817,0.821,0.815,75877,6480889.0,0.74,0.12,0.001,0.15
2021-12-27,0.816,0.819,0.822,0.816,15948,1366278.0,0.73,0.24,0.002,0.03
2021-12-28,0.82,0.824,0.825,0.82,147198,12669138.0,0.61,0.61,0.005,0.28
2021-12-29,0.824,0.816,0.825,0.816,105609,9053525.0,1.09,-0.97,-0.008,0.2
2021-12-30,0.816,0.815,0.819,0.811,67051,5718549.0,0.98,-0.12,-0.001,0.13
2021-12-31,0.818,0.82,0.825,0.818,65216,5597791.0,0.86,0.61,0.005,0.12
2022-01-04,0.826,0.824,0.828,0.823,81642,7039477.0,0.61,0.49,0.004,0.16
2022-01-05,0.828,0.834,0.838,0.823,81850,7124146.0,1.82,1.21,0.01,0.16
2022-01-06,0.834,0.828,0.839,0.823,68450,5917489.0,1.92,-0.72,-0.006,0.13
2022-01-07,0.831,0.843,0.844,0.821,173395,15144302.0,2.78,1.81,0.015,0.33
2022-01-10,0.844,0.858,0.858,0.844,131668,11703267.0,1.66,1.78,0.015,0.25
2022-01-11,0.858,0.866,0.878,0.856,283118,25667723.0,2.56,0.93,0.008,0.54
2022-01-12,0.867,0.866,0.878,0.865,116452,10551591.0,1.5,0.0,0.0,0.22
2022-01-13,0.866,0.859,0.868,0.858,166978,15035688.0,1.15,-0.81,-0.007,0.32
2022-01-14,0.859,0.856,0.862,0.853,127877,11441957.0,1.05,-0.35,-0.003,0.24
2022-01-17,0.859,0.848,0.859,0.845,137080,12149225.0,1.64,-0.93,-0.008,0.26
2022-01-18,0.844,0.847,0.855,0.844,164180,14574837.0,1.3,-0.12,-0.001,0.31
2022-01-19,0.85,0.864,0.871,0.85,123539,11138725.0,2.48,2.01,0.017,0.24
2022-01-20,0.87,0.882,0.885,0.87,142956,13113434.0,1.74,2.08,0.018,0.27
2022-01-21,0.885,0.886,0.888,0.872,137325,12640360.0,1.81,0.45,0.004,0.26
2022-01-24,0.889,0.892,0.9,0.884,313998,29223995.0,1.81,0.68,0.006,0.6
2022-01-25,0.89,0.875,0.89,0.874,798351,73306599.0,1.79,-1.91,-0.017,1.53
2022-01-26,0.875,0.876,0.883,0.873,472658,43249910.0,1.14,0.11,0.001,0.9
2022-01-27,0.875,0.87,0.878,0.86,747999,67619381.0,2.05,-0.68,-0.006,1.43
2022-01-28,0.87,0.873,0.882,0.864,223965,20374662.0,2.07,0.34,0.003,0.43
2022-02-07,0.889,0.884,0.903,0.877,1027827,94692251.0,2.98,1.26,0.011,1.97
2022-02-08,0.888,0.895,0.902,0.884,285323,26525761.0,2.04,1.24,0.011,0.55
2022-02-09,0.896,0.901,0.913,0.896,410871,38716307.0,1.9,0.67,0.006,0.79
2022-02-10,0.907,0.912,0.913,0.898,312800,29550155.0,1.66,1.22,0.011,0.6
2022-02-11,0.911,0.926,0.935,0.911,605480,58471166.0,2.63,1.54,0.014,1.16
2022-02-14,0.926,0.903,0.926,0.899,448375,42341702.0,2.92,-2.48,-0.023,0.86
2022-02-15,0.903,0.886,0.907,0.884,555567,51618801.0,2.55,-1.88,-0.017,1.06
2022-02-16,0.895,0.898,0.901,0.89,288825,26997834.0,1.24,1.35,0.012,0.55
2022-02-17,0.904,0.894,0.905,0.893,317893,29670937.0,1.34,-0.45,-0.004,0.61
2022-02-18,0.891,0.902,0.904,0.889,340649,31917213.0,1.68,0.89,0.008,0.65
2022-02-21,0.894,0.901,0.912,0.892,437311,40801050.0,2.22,-0.11,-0.001,0.84
2022-02-22,0.899,0.889,0.899,0.888,368367,34216044.0,1.22,-1.33,-0.012,0.7
2022-02-23,0.888,0.881,0.893,0.878,370626,34045866.0,1.69,-0.9,-0.008,0.71
2022-02-24,0.873,0.862,0.882,0.86,348168,31486371.0,2.5,-2.16,-0.019,0.67
2022-02-25,0.863,0.846,0.867,0.844,528776,46958900.0,2.67,-1.86,-0.016,1.01
2022-02-28,0.848,0.839,0.856,0.831,238170,20831148.0,2.96,-0.83,-0.007,0.46
2022-03-01,0.839,0.844,0.845,0.835,379178,33245944.0,1.19,0.6,0.005,0.73
2022-03-02,0.841,0.827,0.843,0.826,624400,54351388.0,2.01,-2.01,-0.017,1.19
2022-03-03,0.833,0.842,0.846,0.83,504988,44295143.0,1.93,1.81,0.015,0.97
2022-03-04,0.836,0.837,0.841,0.832,362939,31724494.0,1.07,-0.59,-0.005,0.69
2022-03-07,0.828,0.827,0.838,0.818,510340,44136976.0,2.39,-1.19,-0.01,0.98
2022-03-08,0.828,0.789,0.832,0.786,839747,70900966.0,5.56,-4.59,-0.038,1.61
2022-03-09,0.804,0.792,0.807,0.776,498619,41273122.0,3.93,0.38,0.003,0.95
2022-03-10,0.81,0.797,0.813,0.795,464997,39033405.0,2.27,0.63,0.005,0.89
2022-03-11,0.783,0.794,0.795,0.776,686932,56621386.0,2.38,-0.38,-0.003,1.31
2022-03-14,0.783,0.753,0.788,0.752,569626,45789494.0,4.53,-5.16,-0.041,1.09
2022-03-15,0.738,0.706,0.744,0.705,558555,42598987.0,5.18,-6.24,-0.047,1.07
2022-03-16,0.726,0.746,0.768,0.698,1088376,83358831.0,9.92,5.67,0.04,2.08
2022-03-17,0.785,0.824,0.824,0.759,1165309,97817163.0,8.71,10.46,0.078,2.23
2022-03-18,0.818,0.839,0.856,0.795,1027910,89223758.0,7.4,1.82,0.015,1.97
2022-03-21,0.864,0.821,0.867,0.818,727527,63128958.0,5.84,-2.15,-0.018,1.39
2022-03-22,0.821,0.834,0.846,0.819,1232169,107152062.0,3.29,1.58,0.013,2.36
2022-03-23,0.843,0.851,0.858,0.832,2012666,177056151.0,3.12,2.04,0.017,3.85
2022-03-24,0.843,0.84,0.856,0.84,673718,59504488.0,1.88,-1.29,-0.011,1.29
2022-03-25,0.841,0.828,0.85,0.826,826202,72287366.0,2.86,-1.43,-0.012,1.58
2022-03-28,0.825,0.83,0.84,0.819,640684,55502971.0,2.54,0.24,0.002,1.23
2022-03-29,0.831,0.818,0.834,0.818,831887,71478210.0,1.93,-1.45,-0.012,1.59
2022-03-30,0.821,0.851,0.852,0.821,1432229,125526465.0,3.79,4.03,0.033,2.74
2022-03-31,0.849,0.841,0.865,0.838,784698,69492036.0,3.17,-1.18,-0.01,1.5
2022-04-01,0.835,0.847,0.849,0.833,805600,70909118.0,1.9,0.71,0.006,1.54
2022-04-06,0.862,0.895,0.901,0.862,786880,72701120.0,4.6,5.67,0.048,1.51
2022-04-07,0.886,0.874,0.897,0.868,1130580,103741791.0,3.24,-2.35,-0.021,2.16
2022-04-08,0.873,0.888,0.892,0.871,1570443,144312125.0,2.4,1.6,0.014,3.0
2022-04-11,0.889,0.862,0.889,0.86,563337,50848065.0,3.27,-2.93,-0.026,1.08
2022-04-12,0.868,0.852,0.873,0.843,1029729,91529538.0,3.48,-1.16,-0.01,1.97
2022-04-13,0.853,0.854,0.862,0.847,1188945,106073314.0,1.76,0.23,0.002,2.27
2022-04-14,0.861,0.871,0.874,0.857,1562307,141133323.0,1.99,1.99,0.017,2.99
2022-04-15,0.861,0.865,0.879,0.861,594299,53777180.0,2.07,-0.69,-0.006,1.14
2022-04-18,0.865,0.854,0.866,0.851,392078,34992354.0,1.73,-1.27,-0.011,0.75
2022-04-19,0.859,0.856,0.863,0.85,1101948,98224182.0,1.52,0.23,0.002,2.11
2022-04-20,0.859,0.844,0.863,0.842,1241450,110311359.0,2.45,-1.4,-0.012,2.37
2022-04-21,0.838,0.831,0.85,0.829,918000,80539505.0,2.49,-1.54,-0.013,1.76
2022-04-22,0.822,0.841,0.847,0.822,1538372,134850991.0,3.01,1.2,0.01,2.94
2022-04-25,0.837,0.82,0.838,0.819,852820,73961304.0,2.26,-2.5,-0.021,1.63
2022-04-26,0.831,0.829,0.842,0.827,499651,43538353.0,1.83,1.1,0.009,0.96
2022-04-27,0.828,0.824,0.829,0.817,396589,34110407.0,1.45,-0.6,-0.005,0.76
2022-04-28,0.828,0.843,0.844,0.828,887155,77671866.0,1.94,2.31,0.019,1.7
2022-04-29,0.85,0.855,0.863,0.839,974978,86759888.0,2.85,1.42,0.012,1.87
2022-05-05,0.867,0.86,0.871,0.857,613967,55191935.0,1.64,0.58,0.005,1.17
2022-05-06,0.843,0.84,0.855,0.838,300566,26499416.0,1.98,-2.33,-0.02,0.57
2022-05-09,0.836,0.831,0.836,0.825,135381,11735414.0,1.31,-1.07,-0.009,0.26
2022-05-10,0.814,0.832,0.836,0.814,550687,47663988.0,2.65,0.12,0.001,1.05
2022-05-11,0.83,0.833,0.839,0.828,624953,54375533.0,1.32,0.12,0.001,1.2
2022-05-12,0.834,0.822,0.834,0.818,310551,26759418.0,1.92,-1.32,-0.011,0.59
2022-05-13,0.833,0.842,0.849,0.829,639486,56128808.0,2.43,2.43,0.02,1.22
2022-05-16,0.849,0.849,0.859,0.842,649085,57619911.0,2.02,0.83,0.007,1.24
2022-05-17,0.85,0.852,0.856,0.848,355603,31583459.0,0.94,0.35,0.003,0.68
2022-05-18,0.851,0.854,0.855,0.846,324361,28783398.0,1.06,0.23,0.002,0.62
2022-05-19,0.843,0.853,0.854,0.84,395760,35026654.0,1.64,-0.12,-0.001,0.76
2022-05-20,0.857,0.861,0.863,0.856,648998,58138916.0,0.82,0.94,0.008,1.24
2022-05-23,0.859,0.852,0.859,0.851,374346,33334190.0,0.93,-1.05,-0.009,0.72
2022-05-24,0.853,0.845,0.854,0.842,365871,32325558.0,1.41,-0.82,-0.007,0.7
2022-05-25,0.845,0.85,0.85,0.845,405635,35882995.0,0.59,0.59,0.005,0.78
2022-05-26,0.852,0.855,0.856,0.845,474481,42144790.0,1.29,0.59,0.005,0.91
2022-05-27,0.862,0.862,0.873,0.861,283798,25619845.0,1.4,0.82,0.007,0.54
2022-05-30,0.864,0.861,0.867,0.858,445533,40031319.0,1.04,-0.12,-0.001,0.85
2022-05-31,0.858,0.862,0.863,0.854,384859,34515647.0,1.05,0.12,0.001,0.74
2022-06-01,0.865,0.868,0.869,0.859,472530,42622196.0,1.16,0.7,0.006,0.9
2022-06-02,0.868,0.864,0.868,0.86,281881,25343425.0,0.92,-0.46,-0.004,0.54
2022-06-06,0.864,0.854,0.864,0.849,471208,41894867.0,1.74,-1.16,-0.01,0.9
2022-06-07,0.854,0.859,0.861,0.851,278494,24894416.0,1.17,0.59,0.005,0.53
2022-06-08,0.863,0.862,0.864,0.856,290491,26056738.0,0.93,0.35,0.003,0.56
2022-06-09,0.863,0.861,0.868,0.859,317433,28599794.0,1.04,-0.12,-0.001,0.61
2022-06-10,0.857,0.857,0.858,0.855,164909,14729220.0,0.35,-0.46,-0.004,0.32
2022-06-13,0.856,0.846,0.856,0.844,189455,16740575.0,1.4,-1.28,-0.011,0.36
2022-06-14,0.844,0.851,0.853,0.844,310443,27461537.0,1.06,0.59,0.005,0.59
2022-06-15,0.85,0.849,0.86,0.847,668610,59563013.0,1.53,-0.24,-0.002,1.28
2022-06-16,0.849,0.833,0.851,0.831,515129,44996790.0,2.36,-1.88,-0.016,0.99
2022-06-17,0.826,0.829,0.831,0.825,159323,13778854.0,0.72,-0.48,-0.004,0.3
2022-06-20,0.823,0.835,0.835,0.823,337300,29325269.0,1.45,0.72,0.006,0.65
2022-06-21,0.84,0.842,0.842,0.836,211570,18346130.0,0.72,0.84,0.007,0.4
2022-06-22,0.845,0.833,0.845,0.831,411937,35528002.0,1.66,-1.07,-0.009,0.79
2022-06-23,0.833,0.841,0.842,0.832,508072,43852178.0,1.2,0.96,0.008,0.97
2022-06-24,0.84,0.836,0.84,0.832,287272,24750164.0,0.95,-0.59,-0.005,0.55
2022-06-27,0.837,0.846,0.848,0.837,421604,36696487.0,1.32,1.2,0.01,0.81
2022-06-28,0.844,0.85,0.854,0.843,405834,35609951.0,1.3,0.47,0.004,0.78
2022-06-29,0.848,0.846,0.86,0.845,481231,42410668.0,1.76,-0.47,-0.004,0.92
2022-06-30,0.846,0.854,0.855,0.846,393485,34600655.0,1.06,0.95,0.008,0.75
2022-07-01,0.855,0.85,0.855,0.847,95205,8343535.0,0.94,-0.47,-0.004,0.18
2022-07-04,0.849,0.848,0.849,0.844,506621,44212079.0,0.59,-0.24,-0.002,0.97
2022-07-05,0.849,0.848,0.854,0.844,786784,68875219.0,1.18,0.0,0.0,1.51
2022-07-06,0.843,0.832,0.847,0.829,1020054,87786404.0,2.12,-1.89,-0.016,1.95
2022-07-07,0.832,0.834,0.836,0.83,650448,55948033.0,0.72,0.24,0.002,1.24
2022-07-08,0.836,0.767,0.839,0.76,2360426,190705328.0,9.47,-8.03,-0.067,4.52
2022-07-11,0.762,0.728,0.762,0.725,833938,63319066.0,4.82,-5.08,-0.039,1.6
2022-07-12,0.729,0.729,0.734,0.726,892812,67489748.0,1.1,0.14,0.001,1.71
2022-07-13,0.729,0.704,0.73,0.699,862072,63655551.0,4.25,-3.43,-0.025,1.65
2022-07-14,0.706,0.701,0.706,0.697,615717,44778733.0,1.28,-0.43,-0.003,1.18
2022-07-15,0.703,0.685,0.703,0.684,472661,34009039.0,2.71,-2.28,-0.016,0.9
2022-07-18,0.686,0.704,0.704,0.686,803912,58419955.0,2.63,2.77,0.019,1.54
2022-07-19,0.705,0.694,0.705,0.686,658365,47305530.0,2.7,-1.42,-0.01,1.26
2022-07-20,0.699,0.695,0.7,0.694,502151,36340322.0,0.86,0.14,0.001,0.96
2022-07-21,0.696,0.684,0.696,0.682,383445,27434464.0,2.01,-1.58,-0.011,0.73
2022-07-22,0.686,0.686,0.687,0.683,452663,32251541.0,0.58,0.29,0.002,0.87
2022-07-25,0.685,0.688,0.692,0.685,465809,33340669.0,1.02,0.29,0.002,0.89
2022-07-26,0.688,0.7,0.701,0.688,735063,53162587.0,1.89,1.74,0.012,1.41
2022-07-27,0.696,0.694,0.698,0.692,355813,25698452.0,0.86,-0.86,-0.006,0.68
2022-07-28,0.698,0.696,0.7,0.693,514590,37214546.0,1.01,0.29,0.002,0.98
2022-07-29,0.698,0.688,0.701,0.684,613133,44027519.0,2.44,-1.15,-0.008,1.17
2022-08-01,0.688,0.684,0.688,0.677,424625,30059239.0,1.6,-0.58,-0.004,0.81
2022-08-02,0.683,0.667,0.683,0.663,397865,27631529.0,2.92,-2.49,-0.017,0.76
2022-08-03,0.671,0.662,0.674,0.66,489599,33919920.0,2.1,-0.75,-0.005,0.94
2022-08-04,0.664,0.665,0.669,0.664,369626,25624915.0,0.76,0.45,0.003,0.71
2022-08-05,0.666,0.676,0.681,0.665,668335,46649742.0,2.41,1.65,0.011,1.28
2022-08-08,0.677,0.677,0.682,0.674,367488,25859944.0,1.18,0.15,0.001,0.7
2022-08-09,0.677,0.679,0.683,0.673,575156,40606685.0,1.48,0.3,0.002,1.1
2022-08-10,0.68,0.668,0.68,0.666,253341,17694102.0,2.06,-1.62,-0.011,0.48
2022-08-11,0.672,0.673,0.675,0.668,453763,31695098.0,1.05,0.75,0.005,0.87
2022-08-12,0.673,0.668,0.673,0.666,659955,45876183.0,1.04,-0.74,-0.005,1.26
2022-08-15,0.666,0.661,0.669,0.661,323642,22343783.0,1.2,-1.05,-0.007,0.62
2022-08-16,0.664,0.662,0.669,0.66,487078,33674456.0,1.36,0.15,0.001,0.93
2022-08-17,0.664,0.667,0.669,0.662,446489,30958073.0,1.06,0.76,0.005,0.85
2022-08-18,0.665,0.668,0.67,0.665,451712,31376800.0,0.75,0.15,0.001,0.86
2022-08-19,0.665,0.674,0.677,0.665,451454,31640214.0,1.8,0.9,0.006,0.86
2022-08-22,0.674,0.678,0.681,0.672,352941,24849271.0,1.34,0.59,0.004,0.68
2022-08-23,0.681,0.675,0.681,0.675,362843,25544284.0,0.88,-0.44,-0.003,0.69
2022-08-24,0.68,0.691,0.697,0.677,527137,37799234.0,2.96,2.37,0.016,1.01
2022-08-25,0.695,0.703,0.703,0.688,473188,34327899.0,2.17,1.74,0.012,0.91
2022-08-26,0.701,0.71,0.71,0.701,475960,34972263.0,1.28,1.0,0.007,0.91
2022-08-29,0.707,0.702,0.707,0.698,504291,36763727.0,1.27,-1.13,-0.008,0.96
2022-08-30,0.702,0.702,0.708,0.697,342323,24883341.0,1.57,0.0,0.0,0.65
2022-08-31,0.7,0.699,0.705,0.694,682781,49501094.0,1.57,-0.43,-0.003,1.31
2022-09-01,0.696,0.694,0.7,0.692,499786,36165063.0,1.14,-0.72,-0.005,0.96
2022-09-02,0.694,0.688,0.694,0.684,291365,20817163.0,1.44,-0.86,-0.006,0.56
2022-09-05,0.684,0.689,0.69,0.683,228450,16281977.0,1.02,0.15,0.001,0.44
2022-09-06,0.69,0.695,0.696,0.69,252029,18145749.0,0.87,0.87,0.006,0.48
2022-09-07,0.695,0.694,0.695,0.687,219097,15713582.0,1.15,-0.14,-0.001,0.42
2022-09-08,0.696,0.685,0.696,0.685,250989,17955237.0,1.59,-1.3,-0.009,0.48
2022-09-09,0.685,0.702,0.703,0.685,404681,29362528.0,2.63,2.48,0.017,0.77
2022-09-13,0.705,0.705,0.707,0.701,384943,28196377.0,0.85,0.43,0.003,0.74
2022-09-14,0.699,0.696,0.7,0.695,291157,21075088.0,0.71,-1.28,-0.009,0.56
2022-09-15,0.697,0.699,0.707,0.697,429549,31395781.0,1.44,0.43,0.003,0.82
2022-09-16,0.698,0.698,0.703,0.696,500900,36408055.0,1.0,-0.14,-0.001,0.96
2022-09-19,0.698,0.694,0.7,0.692,106625,7686334.0,1.15,-0.57,-0.004,0.2
2022-09-20,0.696,0.692,0.699,0.692,274916,19858639.0,1.01,-0.29,-0.002,0.53
2022-09-21,0.692,0.69,0.694,0.687,252666,18116526.0,1.01,-0.29,-0.002,0.48
2022-09-22,0.689,0.685,0.689,0.681,265758,18898670.0,1.16,-0.72,-0.005,0.51
2022-09-23,0.688,0.686,0.69,0.685,75877,5424433.0,0.73,0.15,0.001,0.15
2022-09-26,0.682,0.675,0.687,0.674,244231,17270262.0,1.9,-1.6,-0.011,0.47
2022-09-27,0.676,0.673,0.68,0.669,335773,23459524.0,1.63,-0.3,-0.002,0.64
2022-09-28,0.671,0.659,0.672,0.659,398849,27488179.0,1.93,-2.08,-0.014,0.76
2022-09-29,0.665,0.644,0.667,0.642,691761,46977301.0,3.79,-2.28,-0.015,1.32
2022-09-30,0.646,0.648,0.65,0.641,470076,31638630.0,1.4,0.62,0.004,0.9
2022-10-10,0.653,0.648,0.656,0.646,393747,26712502.0,1.54,0.0,0.0,0.75
2022-10-11,0.652,0.645,0.652,0.638,476815,31934776.0,2.16,-0.46,-0.003,0.91
2022-10-12,0.64,0.646,0.647,0.635,514935,34328467.0,1.86,0.16,0.001,0.99
2022-10-13,0.648,0.638,0.648,0.635,328077,21804220.0,2.01,-1.24,-0.008,0.63
2022-10-14,0.643,0.645,0.651,0.643,250505,16901210.0,1.25,1.1,0.007,0.48
2022-10-17,0.641,0.643,0.644,0.637,207848,13886092.0,1.09,-0.31,-0.002,0.4
2022-10-18,0.651,0.646,0.652,0.642,407711,27411386.0,1.56,0.47,0.003,0.78
2022-10-19,0.645,0.643,0.654,0.643,497617,33582397.0,1.7,-0.46,-0.003,0.95
2022-10-20,0.643,0.64,0.644,0.635,269746,17969202.0,1.4,-0.47,-0.003,0.52
2022-10-21,0.641,0.641,0.645,0.638,193799,12960594.0,1.09,0.16,0.001,0.37
2022-10-24,0.644,0.622,0.644,0.62,369801,24205460.0,3.74,-2.96,-0.019,0.71
2022-10-25,0.621,0.624,0.628,0.616,522477,33981987.0,1.93,0.32,0.002,1.0
2022-10-26,0.62,0.622,0.633,0.62,327881,21439987.0,2.08,-0.32,-0.002,0.63
2022-10-27,0.625,0.624,0.63,0.621,515654,33625108.0,1.45,0.32,0.002,0.99
2022-10-28,0.622,0.602,0.623,0.602,164813,10516112.0,3.37,-3.53,-0.022,0.32
2022-10-31,0.608,0.583,0.608,0.582,553165,34198378.0,4.32,-3.16,-0.019,1.06
2022-11-01,0.59,0.606,0.606,0.586,382234,23868579.0,3.43,3.95,0.023,0.73
2022-11-02,0.606,0.611,0.615,0.6,388326,24657502.0,2.48,0.83,0.005,0.74
2022-11-03,0.609,0.605,0.611,0.604,505920,32082073.0,1.15,-0.98,-0.006,0.97
2022-11-04,0.606,0.625,0.63,0.606,744597,48491079.0,3.97,3.31,0.02,1.42
2022-11-07,0.622,0.632,0.637,0.619,830154,54636869.0,2.88,1.12,0.007,1.59
2022-11-08,0.633,0.631,0.634,0.625,475573,31166631.0,1.42,-0.16,-0.001,0.91
2022-11-09,0.631,0.633,0.646,0.631,586336,39052423.0,2.38,0.32,0.002,1.12
2022-11-10,0.629,0.629,0.633,0.624,543624,35649745.0,1.42,-0.63,-0.004,1.04
2022-11-11,0.648,0.652,0.656,0.643,1396431,94419128.0,2.07,3.66,0.023,2.67
2022-11-14,0.666,0.663,0.676,0.659,1073666,74502526.0,2.61,1.69,0.011,2.05
2022-11-15,0.662,0.674,0.676,0.66,1292347,90127100.0,2.41,1.66,0.011,2.47
2022-11-16,0.673,0.678,0.683,0.672,874337,61772356.0,1.63,0.59,0.004,1.67
2022-11-17,0.673,0.675,0.679,0.667,1273138,89085589.0,1.77,-0.44,-0.003,2.44
2022-11-18,0.677,0.667,0.678,0.665,1137661,79522109.0,1.93,-1.19,-0.008,2.18
2022-11-21,0.661,0.665,0.667,0.657,991870,68332328.0,1.5,-0.3,-0.002,1.9
2022-11-22,0.668,0.67,0.682,0.665,1396455,97701442.0,2.56,0.75,0.005,2.67
2022-11-23,0.67,0.676,0.68,0.67,1560572,109808046.0,1.49,0.9,0.006,2.99
2022-11-24,0.683,0.687,0.687,0.678,984361,69977590.0,1.33,1.63,0.011,1.88
2022-11-25,0.688,0.699,0.708,0.687,2057806,149126467.0,3.06,1.75,0.012,3.94
2022-11-28,0.69,0.689,0.691,0.675,1351172,96350686.0,2.29,-1.43,-0.01,2.58
2022-11-29,0.699,0.71,0.722,0.698,3528980,261596847.0,3.48,3.05,0.021,6.75
2022-11-30,0.712,0.715,0.72,0.709,942849,70026061.0,1.55,0.7,0.005,1.8
2022-12-01,0.731,0.708,0.733,0.706,1630697,120601185.0,3.78,-0.98,-0.007,3.12
2022-12-02,0.706,0.694,0.707,0.689,1125674,81209022.0,2.54,-1.98,-0.014,2.15
2022-12-05,0.7,0.709,0.71,0.699,1116016,81535898.0,1.59,2.16,0.015,2.13
2022-12-06,0.703,0.711,0.711,0.701,1512925,110967630.0,1.41,0.28,0.002,2.89
2022-12-07,0.706,0.693,0.712,0.692,2484788,180978342.0,2.81,-2.53,-0.018,4.75
2022-12-08,0.691,0.697,0.699,0.688,1068212,77170763.0,1.59,0.58,0.004,2.04
2022-12-09,0.702,0.723,0.727,0.7,1953847,145657424.0,3.87,3.73,0.026,3.74
2022-12-12,0.716,0.716,0.724,0.714,1490348,111128030.0,1.38,-0.97,-0.007,2.85
2022-12-13,0.718,0.722,0.724,0.718,775869,58115575.0,0.84,0.84,0.006,1.48
2022-12-14,0.722,0.728,0.729,0.72,771539,58086744.0,1.25,0.83,0.006,1.48
2022-12-15,0.725,0.718,0.725,0.712,830921,61745229.0,1.79,-1.37,-0.01,1.59
2022-12-16,0.717,0.732,0.734,0.717,1232718,93234527.0,2.37,1.95,0.014,2.36
2022-12-19,0.733,0.713,0.733,0.71,977447,72498792.0,3.14,-2.6,-0.019,1.87
2022-12-20,0.71,0.706,0.714,0.703,1273238,93561967.0,1.54,-0.98,-0.007,2.44
2022-12-21,0.705,0.704,0.708,0.702,810774,59302441.0,0.85,-0.28,-0.002,1.55
2022-12-22,0.711,0.713,0.718,0.711,612786,45505552.0,0.99,1.28,0.009,1.17
2022-12-23,0.711,0.714,0.717,0.705,609441,45111265.0,1.68,0.14,0.001,1.17
2022-12-26,0.713,0.712,0.715,0.712,97279,7200985.0,0.42,-0.28,-0.002,0.19
2022-12-27,0.712,0.72,0.72,0.712,100823,7499026.0,1.12,1.12,0.008,0.19
2022-12-28,0.72,0.722,0.729,0.719,510941,38374035.0,1.39,0.28,0.002,0.98
2022-12-29,0.725,0.712,0.725,0.712,803408,59524388.0,1.8,-1.39,-0.01,1.54
2022-12-30,0.715,0.719,0.722,0.715,360313,26859273.0,0.98,0.98,0.007,0.69
2023-01-03,0.716,0.721,0.723,0.703,945754,70191836.0,2.78,0.28,0.002,1.81
2023-01-04,0.723,0.734,0.735,0.721,1023473,77626955.0,1.94,1.8,0.013,1.96
2023-01-05,0.739,0.735,0.743,0.735,719885,55182278.0,1.09,0.14,0.001,1.38
2023-01-06,0.736,0.736,0.741,0.733,697138,53260945.0,1.09,0.14,0.001,1.33
2023-01-09,0.74,0.734,0.741,0.731,1104907,84069262.0,1.36,-0.27,-0.002,2.11
2023-01-10,0.733,0.73,0.735,0.727,789707,59814749.0,1.09,-0.54,-0.004,1.51
2023-01-11,0.73,0.731,0.739,0.73,677022,51579616.0,1.23,0.14,0.001,1.3
2023-01-12,0.731,0.732,0.735,0.728,546344,41438889.0,0.96,0.14,0.001,1.05
2023-01-13,0.732,0.736,0.736,0.73,519446,39488992.0,0.82,0.55,0.004,0.99
2023-01-16,0.736,0.733,0.74,0.731,788744,60135912.0,1.22,-0.41,-0.003,1.51
2023-01-17,0.735,0.734,0.736,0.731,702541,53451200.0,0.68,0.14,0.001,1.34
2023-01-18,0.734,0.737,0.741,0.734,393960,30123822.0,0.95,0.41,0.003,0.75
2023-01-19,0.735,0.735,0.738,0.733,1181826,90064976.0,0.68,-0.27,-0.002,2.26
2023-01-20,0.74,0.749,0.751,0.736,893770,68963489.0,2.04,1.9,0.014,1.71
2023-01-30,0.769,0.761,0.77,0.758,846824,66961901.0,1.6,1.6,0.012,1.62
2023-01-31,0.76,0.741,0.762,0.741,811702,62990716.0,2.76,-2.63,-0.02,1.55
2023-02-01,0.75,0.75,0.75,0.741,628669,48601578.0,1.21,1.21,0.009,1.2
2023-02-02,0.754,0.745,0.755,0.743,1061818,82079881.0,1.6,-0.67,-0.005,2.03
2023-02-03,0.745,0.735,0.745,0.732,554560,42324603.0,1.74,-1.34,-0.01,1.06
2023-02-06,0.738,0.727,0.738,0.723,634902,47871108.0,2.04,-1.09,-0.008,1.21
2023-02-07,0.728,0.733,0.736,0.728,675042,51365429.0,1.1,0.83,0.006,1.29
2023-02-08,0.731,0.735,0.738,0.73,400459,30540839.0,1.09,0.27,0.002,0.77
2023-02-09,0.735,0.74,0.74,0.733,534448,40865213.0,0.95,0.68,0.005,1.02
2023-02-10,0.74,0.736,0.74,0.733,476828,36376455.0,0.95,-0.54,-0.004,0.91
2023-02-13,0.732,0.732,0.738,0.727,599533,45633255.0,1.49,-0.54,-0.004,1.15
2023-02-14,0.736,0.739,0.741,0.736,486486,37216883.0,0.68,0.96,0.007,0.93
2023-02-15,0.737,0.73,0.74,0.729,519323,39449272.0,1.49,-1.22,-0.009,0.99
2023-02-16,0.733,0.735,0.743,0.733,405311,31038132.0,1.37,0.68,0.005,0.78
2023-02-17,0.736,0.733,0.741,0.733,240701,18389251.0,1.09,-0.27,-0.002,0.46
2023-02-20,0.734,0.755,0.756,0.734,653844,50754518.0,3.0,3.0,0.022,1.25
2023-02-21,0.754,0.756,0.763,0.752,761447,59710466.0,1.46,0.13,0.001,1.46
2023-02-22,0.755,0.75,0.755,0.748,749410,58285005.0,0.93,-0.79,-0.006,1.43
2023-02-23,0.75,0.75,0.753,0.746,785663,61041769.0,0.93,0.0,0.0,1.5
2023-02-24,0.747,0.741,0.748,0.737,880105,67524840.0,1.47,-1.2,-0.009,1.68
2023-02-27,0.738,0.736,0.743,0.733,602768,46108333.0,1.35,-0.67,-0.005,1.15
2023-02-28,0.737,0.733,0.743,0.729,573290,43670106.0,1.9,-0.41,-0.003,1.1
2023-03-01,0.735,0.748,0.748,0.731,1026581,78927389.0,2.32,2.05,0.015,1.96
2023-03-02,0.747,0.747,0.749,0.736,887365,68454034.0,1.74,-0.13,-0.001,1.7
2023-03-03,0.753,0.761,0.762,0.749,1098158,86062780.0,1.74,1.87,0.014,2.1
2023-03-06,0.759,0.768,0.768,0.755,930392,73362125.0,1.71,0.92,0.007,1.78
2023-03-07,0.765,0.766,0.784,0.762,854242,68599168.0,2.86,-0.26,-0.002,1.63
2023-03-08,0.762,0.76,0.766,0.756,667651,52476320.0,1.31,-0.78,-0.006,1.28
2023-03-09,0.76,0.757,0.762,0.756,496037,38978754.0,0.79,-0.39,-0.003,0.95
2023-03-10,0.751,0.738,0.752,0.738,599285,46232838.0,1.85,-2.51,-0.019,1.15
2023-03-13,0.737,0.746,0.748,0.737,672204,51827766.0,1.49,1.08,0.008,1.29
2023-03-14,0.746,0.737,0.747,0.736,1478412,113665704.0,1.47,-1.21,-0.009,2.83
2023-03-15,0.743,0.746,0.751,0.742,596539,46130591.0,1.22,1.22,0.009,1.14
2023-03-16,0.745,0.738,0.745,0.735,580804,44507267.0,1.34,-1.07,-0.008,1.11
2023-03-17,0.744,0.749,0.754,0.735,513204,39805163.0,2.57,1.49,0.011,0.98
2023-03-20,0.749,0.733,0.749,0.733,557334,42876843.0,2.14,-2.14,-0.016,1.07
2023-03-21,0.738,0.739,0.743,0.735,608113,46477203.0,1.09,0.82,0.006,1.16
2023-03-22,0.746,0.743,0.748,0.74,515271,39740040.0,1.08,0.54,0.004,0.99
2023-03-23,0.742,0.743,0.743,0.736,763627,58593457.0,0.94,0.0,0.0,1.46
2023-03-24,0.743,0.741,0.744,0.738,379875,29189080.0,0.81,-0.27,-0.002,0.73
2023-03-27,0.741,0.731,0.741,0.729,682880,51875282.0,1.62,-1.35,-0.01,1.31
2023-03-28,0.731,0.731,0.736,0.725,505957,38296174.0,1.5,0.0,0.0,0.97
2023-03-29,0.736,0.733,0.739,0.73,295225,22439550.0,1.23,0.27,0.002,0.56
2023-03-30,0.733,0.74,0.741,0.729,494235,37731660.0,1.64,0.95,0.007,0.95
2023-03-31,0.744,0.739,0.745,0.738,527108,40463503.0,0.95,-0.14,-0.001,1.01
2023-04-03,0.74,0.735,0.743,0.732,458468,35015794.0,1.49,-0.54,-0.004,0.88
2023-04-04,0.733,0.74,0.74,0.733,564037,43089325.0,0.95,0.68,0.005,1.08
2023-04-06,0.737,0.737,0.74,0.733,535208,40870596.0,0.95,-0.41,-0.003,1.02
2023-04-07,0.741,0.74,0.742,0.738,59599,4570359.0,0.54,0.41,0.003,0.11
2023-04-10,0.742,0.741,0.742,0.739,33015,2534082.0,0.41,0.14,0.001,0.06
2023-04-11,0.741,0.749,0.751,0.741,439761,34039519.0,1.35,1.08,0.008,0.84
2023-04-12,0.749,0.759,0.761,0.749,559923,43926143.0,1.6,1.34,0.01,1.07
2023-04-13,0.76,0.75,0.76,0.749,713628,55540286.0,1.45,-1.19,-0.009,1.37
2023-04-14,0.752,0.756,0.758,0.752,765020,59888367.0,0.8,0.8,0.006,1.46
2023-04-17,0.756,0.77,0.774,0.756,1014878,80574902.0,2.38,1.85,0.014,1.94
2023-04-18,0.771,0.772,0.776,0.769,701573,56113667.0,0.91,0.26,0.002,1.34
2023-04-19,0.773,0.764,0.773,0.762,520869,41258225.0,1.42,-1.04,-0.008,1.0
2023-04-20,0.763,0.765,0.766,0.758,775056,61098384.0,1.05,0.13,0.001,1.48
2023-04-21,0.763,0.759,0.77,0.758,608332,48099985.0,1.57,-0.78,-0.006,1.16
2023-04-24,0.762,0.751,0.762,0.749,1185941,92886932.0,1.71,-1.05,-0.008,2.27
2023-04-25,0.751,0.752,0.757,0.748,600143,46754882.0,1.2,0.13,0.001,1.15
2023-04-26,0.751,0.753,0.755,0.749,400471,31216982.0,0.8,0.13,0.001,0.77
2023-04-27,0.752,0.754,0.757,0.747,314801,24529170.0,1.33,0.13,0.001,0.6
2023-04-28,0.755,0.763,0.764,0.754,612374,48192846.0,1.33,1.19,0.009,1.17
2023-05-04,0.752,0.763,0.763,0.745,726203,57011759.0,2.36,0.0,0.0,1.39
2023-05-05,0.765,0.767,0.774,0.763,639519,50868974.0,1.44,0.52,0.004,1.22
2023-05-08,0.768,0.787,0.788,0.768,558812,45131443.0,2.61,2.61,0.02,1.07
2023-05-09,0.787,0.78,0.794,0.779,1474015,120143240.0,1.91,-0.89,-0.007,2.82
2023-05-10,0.782,0.771,0.782,0.77,1010383,81046392.0,1.54,-1.15,-0.009,1.93
2023-05-11,0.772,0.764,0.774,0.763,869233,69205153.0,1.43,-0.91,-0.007,1.66
2023-05-12,0.765,0.754,0.767,0.752,551408,43302072.0,1.96,-1.31,-0.01,1.05
2023-05-15,0.756,0.761,0.765,0.75,612097,48089067.0,1.99,0.93,0.007,1.17
2023-05-16,0.763,0.759,0.77,0.758,1428096,112866587.0,1.58,-0.26,-0.002,2.73
2023-05-17,0.758,0.755,0.763,0.754,1225353,96361941.0,1.19,-0.53,-0.004,2.34
2023-05-18,0.755,0.758,0.764,0.754,842009,66251052.0,1.32,0.4,0.003,1.61
2023-05-19,0.756,0.755,0.763,0.754,1139081,89504580.0,1.19,-0.4,-0.003,2.18
2023-05-22,0.756,0.759,0.765,0.752,724211,56892556.0,1.72,0.53,0.004,1.39
2023-05-23,0.761,0.747,0.762,0.746,1333822,104382957.0,2.11,-1.58,-0.012,2.55
2023-05-24,0.744,0.74,0.747,0.739,622898,47904677.0,1.07,-0.94,-0.007,1.19
2023-05-25,0.736,0.729,0.741,0.724,778980,58850536.0,2.3,-1.49,-0.011,1.49
2023-05-26,0.73,0.726,0.73,0.724,92297,6947611.0,0.82,-0.41,-0.003,0.18
2023-05-29,0.729,0.732,0.737,0.728,728849,55306313.0,1.24,0.83,0.006,1.39
2023-05-30,0.733,0.726,0.733,0.722,806580,60746117.0,1.5,-0.82,-0.006,1.54
2023-05-31,0.715,0.709,0.727,0.706,597779,44236206.0,2.89,-2.34,-0.017,1.14
2023-06-01,0.711,0.711,0.715,0.705,737210,54398409.0,1.41,0.28,0.002,1.41
2023-06-02,0.714,0.729,0.734,0.713,866716,65417071.0,2.95,2.53,0.018,1.66
2023-06-05,0.729,0.734,0.736,0.726,396292,30036756.0,1.37,0.69,0.005,0.76
2023-06-06,0.736,0.738,0.747,0.735,1142391,87827958.0,1.63,0.54,0.004,2.19
2023-06-07,0.741,0.738,0.745,0.738,551384,42376924.0,0.95,0.0,0.0,1.05
2023-06-08,0.738,0.749,0.751,0.738,944084,72965584.0,1.76,1.49,0.011,1.81
2023-06-09,0.753,0.751,0.753,0.746,408119,31667876.0,0.93,0.27,0.002,0.78
2023-06-12,0.751,0.748,0.752,0.744,493918,38315959.0,1.07,-0.4,-0.003,0.94
2023-06-13,0.746,0.748,0.749,0.741,442704,34179460.0,1.07,0.0,0.0,0.85
2023-06-14,0.748,0.742,0.753,0.741,461573,35758448.0,1.6,-0.8,-0.006,0.88
2023-06-15,0.749,0.748,0.75,0.743,346808,26848317.0,0.94,0.81,0.006,0.66
2023-06-16,0.749,0.756,0.759,0.749,349686,27338167.0,1.34,1.07,0.008,0.67
2023-06-19,0.754,0.752,0.764,0.748,2751015,214517290.0,2.12,-0.53,-0.004,5.26
2023-06-20,0.756,0.746,0.756,0.744,315569,24426692.0,1.6,-0.8,-0.006,0.6
2023-06-21,0.742,0.742,0.746,0.741,331368,25527039.0,0.67,-0.54,-0.004,0.63
2023-06-26,0.736,0.733,0.736,0.729,349347,26546948.0,0.94,-1.21,-0.009,0.67
2023-06-27,0.732,0.746,0.747,0.732,288616,22186344.0,2.05,1.77,0.013,0.55
2023-06-28,0.746,0.749,0.75,0.743,247506,19158893.0,0.94,0.4,0.003,0.47
2023-06-29,0.75,0.744,0.751,0.744,558219,43172649.0,0.93,-0.67,-0.005,1.07
2023-06-30,0.746,0.751,0.756,0.746,402950,31404982.0,1.34,0.94,0.007,0.77
2023-07-03,0.753,0.762,0.764,0.753,401328,31576569.0,1.46,1.46,0.011,0.77
2023-07-04,0.764,0.756,0.765,0.754,205192,16106242.0,1.44,-0.79,-0.006,0.39
2023-07-05,0.756,0.75,0.757,0.749,122732,9563891.0,1.06,-0.79,-0.006,0.23
2023-07-06,0.75,0.738,0.752,0.735,125265,9652822.0,2.27,-1.6,-0.012,0.24
2023-07-07,0.735,0.732,0.736,0.728,435189,33040101.0,1.08,-0.81,-0.006,0.83
2023-07-10,0.736,0.725,0.74,0.723,430238,32553610.0,2.32,-0.96,-0.007,0.82
2023-07-11,0.728,0.727,0.732,0.724,381014,28778599.0,1.1,0.28,0.002,0.73
2023-07-12,0.732,0.727,0.732,0.725,242803,18343728.0,0.96,0.0,0.0,0.46
2023-07-13,0.732,0.737,0.739,0.731,379997,29016545.0,1.1,1.38,0.01,0.73
2023-07-14,0.739,0.735,0.741,0.733,520276,39726857.0,1.09,-0.27,-0.002,1.0
2023-07-17,0.736,0.729,0.736,0.729,93991,7123137.0,0.95,-0.82,-0.006,0.18
2023-07-18,0.73,0.727,0.736,0.725,178868,13499274.0,1.51,-0.27,-0.002,0.34
2023-07-19,0.724,0.733,0.734,0.724,274885,20803959.0,1.38,0.83,0.006,0.53
2023-07-20,0.734,0.736,0.739,0.733,291907,22294297.0,0.82,0.41,0.003,0.56
2023-07-21,0.735,0.736,0.736,0.73,212991,16200079.0,0.82,0.0,0.0,0.41
2023-07-24,0.734,0.727,0.735,0.724,367319,27712946.0,1.49,-1.22,-0.009,0.7
2023-07-25,0.734,0.749,0.75,0.733,457315,35274277.0,2.34,3.03,0.022,0.87
2023-07-26,0.747,0.748,0.752,0.745,310324,24040691.0,0.93,-0.13,-0.001,0.59
2023-07-27,0.75,0.75,0.754,0.748,607070,47167677.0,0.8,0.27,0.002,1.16
2023-07-28,0.749,0.762,0.762,0.747,404474,31703402.0,2.0,1.6,0.012,0.77
2023-07-31,0.768,0.776,0.789,0.767,1371666,109703315.0,2.89,1.84,0.014,2.62
2023-08-01,0.778,0.765,0.782,0.765,438151,35044731.0,2.19,-1.42,-0.011,0.84
2023-08-02,0.764,0.753,0.769,0.751,275462,21675035.0,2.35,-1.57,-0.012,0.53
2023-08-03,0.753,0.756,0.758,0.748,554571,43263133.0,1.33,0.4,0.003,1.06
2023-08-04,0.762,0.748,0.764,0.747,590863,46159431.0,2.25,-1.06,-0.008,1.13
2023-08-07,0.749,0.747,0.75,0.744,366952,28435677.0,0.8,-0.13,-0.001,0.7
2023-08-08,0.744,0.748,0.75,0.741,324768,25089097.0,1.2,0.13,0.001,0.62
2023-08-09,0.748,0.745,0.748,0.74,350110,26987555.0,1.07,-0.4,-0.003,0.67
2023-08-10,0.743,0.746,0.752,0.742,539640,41804740.0,1.34,0.13,0.001,1.03
2023-08-11,0.746,0.74,0.75,0.738,499706,38432665.0,1.61,-0.8,-0.006,0.96
2023-08-14,0.735,0.731,0.739,0.73,625521,47527862.0,1.22,-1.22,-0.009,1.2
2023-08-15,0.734,0.731,0.736,0.728,327095,24820338.0,1.09,0.0,0.0,0.63
2023-08-16,0.727,0.72,0.729,0.719,543303,40845769.0,1.37,-1.5,-0.011,1.04
2023-08-17,0.719,0.719,0.72,0.706,504571,37384232.0,1.94,-0.14,-0.001,0.97
2023-08-18,0.718,0.712,0.723,0.711,319424,23826155.0,1.67,-0.97,-0.007,0.61
2023-08-21,0.71,0.7,0.71,0.698,346808,25266352.0,1.69,-1.69,-0.012,0.66
2023-08-22,0.702,0.704,0.709,0.696,412587,30066576.0,1.86,0.57,0.004,0.79
2023-08-23,0.705,0.707,0.711,0.703,289887,21254395.0,1.14,0.43,0.003,0.55
2023-08-24,0.707,0.712,0.713,0.705,519527,38283491.0,1.13,0.71,0.005,0.99
2023-08-25,0.71,0.714,0.715,0.707,462226,34133737.0,1.12,0.28,0.002,0.88
2023-08-28,0.739,0.719,0.743,0.716,680073,51043026.0,3.78,0.7,0.005,1.3
2023-08-29,0.719,0.725,0.725,0.719,709008,53111422.0,0.83,0.83,0.006,1.36
2023-08-30,0.725,0.728,0.732,0.725,308185,23286439.0,0.97,0.41,0.003,0.59
2023-08-31,0.733,0.724,0.733,0.722,219637,16530192.0,1.51,-0.55,-0.004,0.42
2023-09-01,0.726,0.728,0.728,0.724,70220,5294689.0,0.55,0.55,0.004,0.13
2023-09-04,0.73,0.738,0.743,0.729,466010,35696521.0,1.92,1.37,0.01,0.89
2023-09-05,0.74,0.734,0.74,0.734,232790,17777462.0,0.81,-0.54,-0.004,0.45
2023-09-06,0.733,0.735,0.738,0.732,289750,22073216.0,0.82,0.14,0.001,0.55
2023-09-07,0.736,0.733,0.738,0.733,232926,17762124.0,0.68,-0.27,-0.002,0.45
2023-09-08,0.733,0.727,0.733,0.726,75267,5679089.0,0.95,-0.82,-0.006,0.14
2023-09-11,0.729,0.721,0.729,0.72,413199,30992242.0,1.24,-0.83,-0.006,0.79
2023-09-12,0.721,0.716,0.721,0.714,295243,22001514.0,0.97,-0.69,-0.005,0.56
2023-09-13,0.716,0.714,0.721,0.713,176817,13150632.0,1.12,-0.28,-0.002,0.34
2023-09-14,0.716,0.725,0.729,0.716,682061,51158697.0,1.82,1.54,0.011,1.3
2023-09-15,0.727,0.731,0.735,0.727,472125,35791424.0,1.1,0.83,0.006,0.9
2023-09-18,0.728,0.728,0.728,0.722,438509,33027121.0,0.82,-0.41,-0.003,0.84
2023-09-19,0.731,0.736,0.739,0.728,582797,44349719.0,1.51,1.1,0.008,1.11
2023-09-20,0.737,0.738,0.741,0.734,907692,69397530.0,0.95,0.27,0.002,1.74
2023-09-21,0.738,0.728,0.738,0.725,471364,35774612.0,1.76,-1.36,-0.01,0.9
2023-09-22,0.724,0.734,0.736,0.724,392787,29754763.0,1.65,0.82,0.006,0.75
2023-09-25,0.735,0.731,0.736,0.729,247991,18810134.0,0.95,-0.41,-0.003,0.47
2023-09-26,0.731,0.721,0.731,0.72,220656,16551364.0,1.5,-1.37,-0.01,0.42
2023-09-27,0.72,0.72,0.723,0.719,309032,23077108.0,0.55,-0.14,-0.001,0.59
2023-09-28,0.721,0.721,0.726,0.72,476156,35699493.0,0.83,0.14,0.001,0.91
2023-10-09,0.719,0.715,0.719,0.704,335202,24733616.0,2.08,-0.83,-0.006,0.64
2023-10-10,0.716,0.712,0.721,0.71,377164,27956377.0,1.54,-0.42,-0.003,0.72
2023-10-11,0.715,0.718,0.721,0.715,466042,34683239.0,0.84,0.84,0.006,0.89
2023-10-12,0.722,0.728,0.732,0.722,423402,31898736.0,1.39,1.39,0.01,0.81
2023-10-13,0.727,0.717,0.727,0.712,458521,34113239.0,2.06,-1.51,-0.011,0.88
2023-10-16,0.717,0.709,0.718,0.709,446711,33057961.0,1.26,-1.12,-0.008,0.85
2023-10-17,0.714,0.712,0.715,0.71,506366,37431292.0,0.71,0.42,0.003,0.97
2023-10-18,0.711,0.714,0.72,0.706,2281097,168801008.0,1.97,0.28,0.002,4.36
2023-10-19,0.716,0.697,0.716,0.695,614475,44677412.0,2.94,-2.38,-0.017,1.18
2023-10-20,0.697,0.693,0.703,0.692,369453,26704544.0,1.58,-0.57,-0.004,0.71
2023-10-23,0.693,0.681,0.693,0.679,285476,20306651.0,2.02,-1.73,-0.012,0.55
2023-10-24,0.686,0.685,0.689,0.682,456942,32542325.0,1.03,0.59,0.004,0.87
2023-10-25,0.696,0.689,0.7,0.687,1264618,90877901.0,1.9,0.58,0.004,2.42
2023-10-26,0.689,0.685,0.69,0.679,306975,21804049.0,1.6,-0.58,-0.004,0.59
2023-10-27,0.686,0.692,0.697,0.685,1173774,84410769.0,1.75,1.02,0.007,2.25
2023-10-30,0.688,0.689,0.693,0.685,1235297,88225941.0,1.16,-0.43,-0.003,2.36
2023-10-31,0.689,0.684,0.692,0.681,679142,48327189.0,1.6,-0.73,-0.005,1.3
2023-11-01,0.685,0.687,0.687,0.68,388611,27625355.0,1.02,0.44,0.003,0.74
2023-11-02,0.691,0.691,0.696,0.69,336825,24234103.0,0.87,0.58,0.004,0.64
2023-11-03,0.692,0.7,0.704,0.692,1142456,83137720.0,1.74,1.3,0.009,2.19
2023-11-06,0.706,0.699,0.707,0.696,1337789,97181598.0,1.57,-0.14,-0.001,2.56
2023-11-07,0.696,0.69,0.697,0.689,1898619,136170864.0,1.14,-1.29,-0.009,3.63
2023-11-08,0.688,0.687,0.689,0.683,559915,39885792.0,0.87,-0.43,-0.003,1.07
2023-11-09,0.687,0.69,0.691,0.686,171526,12277165.0,0.73,0.44,0.003,0.33
2023-11-10,0.688,0.686,0.689,0.683,173472,12347905.0,0.87,-0.58,-0.004,0.33
2023-11-13,0.687,0.687,0.688,0.683,245812,17509881.0,0.73,0.15,0.001,0.47
2023-11-14,0.691,0.696,0.696,0.69,323949,23328422.0,0.87,1.31,0.009,0.62
2023-11-15,0.703,0.709,0.712,0.701,571007,41875080.0,1.58,1.87,0.013,1.09
2023-11-16,0.71,0.709,0.71,0.703,327997,24058892.0,0.99,0.0,0.0,0.63
2023-11-17,0.703,0.699,0.704,0.696,338011,24543728.0,1.13,-1.41,-0.01,0.65
2023-11-20,0.7,0.701,0.705,0.697,493684,35949191.0,1.14,0.29,0.002,0.94
2023-11-21,0.704,0.705,0.712,0.703,669550,49232040.0,1.28,0.57,0.004,1.28
2023-11-22,0.704,0.7,0.705,0.7,257653,18808937.0,0.71,-0.71,-0.005,0.49
2023-11-23,0.699,0.707,0.707,0.698,227142,16592904.0,1.29,1.0,0.007,0.43
2023-11-24,0.707,0.706,0.708,0.704,320959,23505837.0,0.57,-0.14,-0.001,0.61
2023-11-27,0.707,0.701,0.707,0.698,258447,18799401.0,1.27,-0.71,-0.005,0.49
2023-11-28,0.7,0.699,0.701,0.696,346029,25133612.0,0.71,-0.29,-0.002,0.66
2023-11-29,0.701,0.681,0.701,0.678,778780,55524292.0,3.29,-2.58,-0.018,1.49
2023-11-30,0.682,0.685,0.686,0.678,280075,19879620.0,1.17,0.59,0.004,0.54
2023-12-01,0.685,0.683,0.686,0.681,447161,31781127.0,0.73,-0.29,-0.002,0.86
2023-12-04,0.684,0.679,0.686,0.679,596161,42270562.0,1.02,-0.59,-0.004,1.14
2023-12-05,0.678,0.664,0.68,0.663,441308,30668004.0,2.5,-2.21,-0.015,0.84
2023-12-06,0.667,0.677,0.68,0.665,344291,24128268.0,2.26,1.96,0.013,0.66
2023-12-07,0.674,0.67,0.676,0.666,529551,36860825.0,1.48,-1.03,-0.007,1.01
2023-12-08,0.67,0.667,0.674,0.666,874458,60798637.0,1.19,-0.45,-0.003,1.67
2023-12-11,0.662,0.666,0.668,0.656,719223,49452515.0,1.8,-0.15,-0.001,1.38
2023-12-12,0.665,0.674,0.675,0.665,205229,14324746.0,1.5,1.2,0.008,0.39
2023-12-13,0.673,0.664,0.674,0.663,662618,45906844.0,1.63,-1.48,-0.01,1.27
2023-12-14,0.668,0.669,0.672,0.666,1075341,74781961.0,0.9,0.75,0.005,2.06
2023-12-15,0.674,0.679,0.686,0.674,1071810,75807963.0,1.79,1.49,0.01,2.05
2023-12-18,0.677,0.682,0.685,0.677,498017,35327223.0,1.18,0.44,0.003,0.95
2023-12-19,0.683,0.682,0.686,0.68,772286,54826119.0,0.88,0.0,0.0,1.48
2023-12-20,0.685,0.678,0.688,0.677,855423,60754047.0,1.61,-0.59,-0.004,1.64
2023-12-21,0.676,0.686,0.69,0.675,317636,22635429.0,2.21,1.18,0.008,0.61
2023-12-22,0.691,0.691,0.696,0.687,1856447,132025835.0,1.31,0.73,0.005,3.55
2023-12-25,0.691,0.689,0.691,0.687,268488,19015295.0,0.58,-0.29,-0.002,0.51
2023-12-26,0.688,0.686,0.69,0.686,121689,8613892.0,0.58,-0.44,-0.003,0.23
2023-12-27,0.688,0.697,0.697,0.686,531546,37930894.0,1.6,1.6,0.011,1.02
2023-12-28,0.696,0.703,0.703,0.696,712177,51347078.0,1.0,0.86,0.006,1.36
2023-12-29,0.703,0.704,0.704,0.699,472898,34107197.0,0.71,0.14,0.001,0.9
2024-01-02,0.706,0.704,0.708,0.702,180662,13099385.0,0.85,0.0,0.0,0.35
2024-01-03,0.704,0.706,0.708,0.702,377959,27427499.0,0.85,0.28,0.002,0.72
2024-01-04,0.706,0.712,0.717,0.706,1066596,78169916.0,1.56,0.85,0.006,2.04
2024-01-05,0.712,0.714,0.722,0.71,525739,38747018.0,1.69,0.28,0.002,1.01
2024-01-08,0.714,0.701,0.717,0.7,261756,18982561.0,2.38,-1.82,-0.013,0.5
2024-01-09,0.701,0.705,0.708,0.698,330705,23962492.0,1.43,0.57,0.004,0.63
2024-01-10,0.705,0.695,0.706,0.695,482812,34712064.0,1.56,-1.42,-0.01,0.92
2024-01-11,0.698,0.697,0.704,0.694,351521,25280372.0,1.44,0.29,0.002,0.67
2024-01-12,0.698,0.702,0.702,0.695,253411,18258450.0,1.0,0.72,0.005,0.48
2024-01-15,0.702,0.7,0.704,0.699,267931,19324944.0,0.71,-0.28,-0.002,0.51
2024-01-16,0.699,0.692,0.705,0.691,761662,54574781.0,2.0,-1.14,-0.008,1.46
2024-01-17,0.69,0.668,0.692,0.668,902370,62817876.0,3.47,-3.47,-0.024,1.73
2024-01-18,0.67,0.676,0.677,0.664,544879,37607507.0,1.95,1.2,0.008,1.04
2024-01-19,0.679,0.665,0.679,0.664,664542,45782979.0,2.22,-1.63,-0.011,1.27
2024-01-22,0.666,0.647,0.666,0.645,635377,42742559.0,3.16,-2.71,-0.018,1.22
2024-01-23,0.648,0.661,0.667,0.645,592346,40221031.0,3.4,2.16,0.014,1.13
2024-01-24,0.669,0.674,0.675,0.664,489783,33805677.0,1.66,1.97,0.013,0.94
2024-01-25,0.681,0.698,0.702,0.678,759588,54196175.0,3.56,3.56,0.024,1.45
2024-01-26,0.699,0.698,0.705,0.693,492104,35395994.0,1.72,0.0,0.0,0.94
2024-01-29,0.703,0.698,0.706,0.697,979420,70620308.0,1.29,0.0,0.0,1.87
2024-01-30,0.694,0.683,0.696,0.682,585203,41436264.0,2.01,-2.15,-0.015,1.12
2024-01-31,0.684,0.677,0.688,0.674,510356,35688246.0,2.05,-0.88,-0.006,0.98
2024-02-01,0.678,0.673,0.683,0.672,610172,42532913.0,1.62,-0.59,-0.004,1.17
2024-02-02,0.676,0.674,0.688,0.671,833429,58115149.0,2.53,0.15,0.001,1.59
2024-02-05,0.676,0.677,0.679,0.666,480014,33300807.0,1.93,0.45,0.003,0.92
2024-02-06,0.671,0.693,0.693,0.671,1029921,72479742.0,3.25,2.36,0.016,1.97
2024-02-07,0.694,0.691,0.698,0.688,1083708,77129109.0,1.44,-0.29,-0.002,2.07
2024-02-08,0.692,0.693,0.697,0.688,1038153,73969519.0,1.3,0.29,0.002,1.99
2024-02-19,0.698,0.703,0.719,0.692,992452,71755236.0,3.9,1.44,0.01,1.9
2024-02-20,0.705,0.714,0.733,0.7,5061510,372770191.0,4.69,1.56,0.011,9.68
2024-02-21,0.715,0.726,0.741,0.712,2721244,204144418.0,4.06,1.68,0.012,5.21
2024-02-22,0.727,0.739,0.739,0.725,1451532,109449645.0,1.93,1.79,0.013,2.78
2024-02-23,0.737,0.739,0.749,0.737,1411010,107550981.0,1.62,0.0,0.0,2.7
2024-02-26,0.737,0.729,0.74,0.728,495385,37312622.0,1.62,-1.35,-0.01,0.95
2024-02-27,0.733,0.721,0.734,0.719,1250131,92876299.0,2.06,-1.1,-0.008,2.39
2024-02-28,0.723,0.726,0.734,0.722,1314401,98099134.0,1.66,0.69,0.005,2.51
2024-02-29,0.729,0.722,0.73,0.719,803481,59782828.0,1.52,-0.55,-0.004,1.54
2024-03-01,0.719,0.718,0.72,0.71,1193727,87879830.0,1.39,-0.55,-0.004,2.28
2024-03-04,0.717,0.72,0.721,0.714,537102,39646996.0,0.97,0.28,0.002,1.03
2024-03-05,0.719,0.715,0.725,0.71,802298,59120463.0,2.08,-0.69,-0.005,1.53
2024-03-06,0.716,0.72,0.723,0.713,407933,30134862.0,1.4,0.7,0.005,0.78
2024-03-07,0.72,0.721,0.728,0.718,429556,31911358.0,1.39,0.14,0.001,0.82
2024-03-08,0.722,0.732,0.734,0.721,945191,70725622.0,1.8,1.53,0.011,1.81
2024-03-11,0.735,0.732,0.738,0.728,616059,46377947.0,1.37,0.0,0.0,1.18
2024-03-12,0.733,0.74,0.742,0.728,1224118,92224254.0,1.91,1.09,0.008,2.34
2024-03-13,0.741,0.74,0.745,0.737,597614,45466450.0,1.08,0.0,0.0,1.14
2024-03-14,0.739,0.739,0.748,0.737,395998,30237923.0,1.49,-0.14,-0.001,0.76
2024-03-15,0.737,0.731,0.74,0.726,917124,68682047.0,1.89,-1.08,-0.008,1.75
2024-03-18,0.73,0.731,0.733,0.725,501891,37555822.0,1.09,0.0,0.0,0.96
2024-03-19,0.729,0.722,0.73,0.721,305016,22708765.0,1.23,-1.23,-0.009,0.58
2024-03-20,0.721,0.721,0.724,0.717,367168,27220482.0,0.97,-0.14,-0.001,0.7
2024-03-21,0.725,0.737,0.739,0.724,585386,44219142.0,2.08,2.22,0.016,1.12
2024-03-22,0.735,0.726,0.736,0.722,846589,63533339.0,1.9,-1.49,-0.011,1.62
2024-03-25,0.727,0.721,0.728,0.719,491163,36530085.0,1.24,-0.69,-0.005,0.94
2024-03-26,0.722,0.718,0.724,0.713,423177,31198300.0,1.53,-0.42,-0.003,0.81
2024-03-27,0.715,0.712,0.721,0.71,664500,48857638.0,1.53,-0.84,-0.006,1.27
2024-03-28,0.713,0.705,0.714,0.703,840139,60960755.0,1.54,-0.98,-0.007,1.61
2024-03-29,0.705,0.711,0.714,0.705,350251,25578417.0,1.28,0.85,0.006,0.67
2024-04-01,0.713,0.715,0.716,0.71,309799,22692250.0,0.84,0.56,0.004,0.59
2024-04-02,0.715,0.718,0.723,0.715,701510,51911670.0,1.12,0.42,0.003,1.34
2024-04-03,0.719,0.719,0.721,0.716,269333,19898890.0,0.7,0.14,0.001,0.52
2024-04-08,0.718,0.716,0.724,0.707,330962,24407177.0,2.36,-0.42,-0.003,0.63
2024-04-09,0.718,0.721,0.724,0.718,326822,24253100.0,0.84,0.7,0.005,0.63
2024-04-10,0.722,0.732,0.733,0.722,519177,38863585.0,1.53,1.53,0.011,0.99
2024-04-11,0.726,0.735,0.736,0.722,651117,48842752.0,1.91,0.41,0.003,1.25
2024-04-12,0.736,0.723,0.736,0.722,475736,35519689.0,1.9,-1.63,-0.012,0.91
2024-04-15,0.722,0.721,0.724,0.713,578442,42712941.0,1.52,-0.28,-0.002,1.11
2024-04-16,0.719,0.714,0.72,0.711,608147,44655990.0,1.25,-0.97,-0.007,1.16
2024-04-17,0.712,0.712,0.717,0.711,480681,35267345.0,0.84,-0.28,-0.002,0.92
2024-04-18,0.713,0.719,0.722,0.711,318532,23499909.0,1.54,0.98,0.007,0.61
2024-04-19,0.718,0.719,0.719,0.71,721464,52936789.0,1.25,0.0,0.0,1.38
2024-04-22,0.721,0.721,0.729,0.719,375481,27932054.0,1.39,0.28,0.002,0.72
2024-04-23,0.722,0.725,0.727,0.717,641505,47723920.0,1.39,0.55,0.004,1.23
2024-04-24,0.726,0.735,0.738,0.726,462460,34854178.0,1.66,1.38,0.01,0.88
2024-04-25,0.735,0.746,0.75,0.733,777971,59464650.0,2.31,1.5,0.011,1.49
2024-04-26,0.747,0.758,0.762,0.746,664825,51627714.0,2.14,1.61,0.012,1.27
2024-04-29,0.759,0.765,0.774,0.756,562712,44216110.0,2.37,0.92,0.007,1.08
2024-04-30,0.765,0.767,0.776,0.761,716742,56596430.0,1.96,0.26,0.002,1.37
2024-05-06,0.783,0.786,0.789,0.78,829988,66713948.0,1.17,2.48,0.019,1.59
2024-05-07,0.785,0.791,0.794,0.784,830157,67115418.0,1.27,0.64,0.005,1.59
2024-05-08,0.794,0.781,0.794,0.779,1307330,105511630.0,1.9,-1.26,-0.01,2.5
2024-05-09,0.78,0.79,0.793,0.779,475621,38433946.0,1.79,1.15,0.009,0.91
2024-05-10,0.798,0.832,0.832,0.796,2399685,201409499.0,4.56,5.32,0.042,4.59
2024-05-13,0.829,0.841,0.869,0.824,2138768,183594445.0,5.41,1.08,0.009,4.09
2024-05-14,0.849,0.829,0.853,0.829,1049648,89749046.0,2.85,-1.43,-0.012,2.01
2024-05-15,0.829,0.825,0.833,0.822,677404,57266310.0,1.33,-0.48,-0.004,1.3
2024-05-16,0.833,0.852,0.862,0.828,3055249,265445447.0,4.12,3.27,0.027,5.84
2024-05-17,0.858,0.86,0.865,0.85,2134290,187097193.0,1.76,0.94,0.008,4.08
2024-05-20,0.868,0.876,0.877,0.864,1357165,121046144.0,1.51,1.86,0.016,2.6
2024-05-21,0.876,0.861,0.878,0.859,1080243,95691384.0,2.17,-1.71,-0.015,2.07
2024-05-22,0.862,0.865,0.873,0.859,1728433,153673362.0,1.63,0.46,0.004,3.31
2024-05-23,0.861,0.85,0.861,0.842,1596025,138767944.0,2.2,-1.73,-0.015,3.05
2024-05-24,0.845,0.837,0.853,0.836,1266670,109543207.0,2.0,-1.53,-0.013,2.42
2024-05-27,0.841,0.862,0.865,0.84,1631472,142797884.0,2.99,2.99,0.025,3.12
2024-05-28,0.864,0.858,0.874,0.857,1509567,133592063.0,1.97,-0.46,-0.004,2.89
2024-05-29,0.857,0.853,0.86,0.846,902564,78799396.0,1.63,-0.58,-0.005,1.73
2024-05-30,0.85,0.832,0.852,0.83,1538733,132355107.0,2.58,-2.46,-0.021,2.94
2024-05-31,0.839,0.832,0.846,0.832,1053864,90446147.0,1.68,0.0,0.0,2.02
2024-06-03,0.833,0.839,0.846,0.832,754841,64960324.0,1.68,0.84,0.007,1.44
2024-06-04,0.836,0.848,0.849,0.831,765119,65863057.0,2.15,1.07,0.009,1.46
2024-06-05,0.851,0.836,0.853,0.836,778201,67331132.0,2.0,-1.42,-0.012,1.49
2024-06-06,0.841,0.839,0.848,0.836,583155,50374484.0,1.44,0.36,0.003,1.12
2024-06-07,0.843,0.846,0.848,0.838,560807,48411422.0,1.19,0.83,0.007,1.07
2024-06-11,0.844,0.826,0.844,0.819,920161,77807504.0,2.96,-2.36,-0.02,1.76
2024-06-12,0.825,0.82,0.825,0.81,630957,52803885.0,1.82,-0.73,-0.006,1.21
2024-06-13,0.82,0.819,0.827,0.818,490699,41311061.0,1.1,-0.12,-0.001,0.94
2024-06-14,0.818,0.826,0.832,0.816,840420,71208094.0,1.95,0.85,0.007,1.61
2024-06-17,0.824,0.812,0.825,0.811,486281,40673887.0,1.69,-1.69,-0.014,0.93
2024-06-18,0.813,0.819,0.824,0.81,428487,35906650.0,1.72,0.86,0.007,0.82
2024-06-19,0.82,0.838,0.839,0.82,867311,74049033.0,2.32,2.32,0.019,1.66
2024-06-20,0.842,0.841,0.859,0.839,2138990,184867453.0,2.39,0.36,0.003,4.09
2024-06-21,0.839,0.83,0.84,0.827,780598,66583343.0,1.55,-1.31,-0.011,1.49
2024-06-24,0.826,0.819,0.829,0.818,549004,46152238.0,1.33,-1.33,-0.011,1.05
2024-06-25,0.817,0.827,0.837,0.817,865827,73693335.0,2.44,0.98,0.008,1.66
2024-06-26,0.825,0.828,0.831,0.824,859471,72850293.0,0.85,0.12,0.001,1.64
2024-06-27,0.824,0.808,0.828,0.806,1086231,90627508.0,2.66,-2.42,-0.02,2.08
2024-06-28,0.806,0.82,0.826,0.806,827989,69470699.0,2.48,1.49,0.012,1.58
2024-07-01,0.817,0.834,0.838,0.817,753011,64058771.0,2.56,1.71,0.014,1.44
2024-07-02,0.836,0.831,0.842,0.83,1451394,124135688.0,1.44,-0.36,-0.003,2.78
2024-07-03,0.832,0.835,0.843,0.832,1212635,104028121.0,1.32,0.48,0.004,2.32
2024-07-04,0.838,0.839,0.843,0.836,1342979,115369129.0,0.84,0.48,0.004,2.57
2024-07-05,0.842,0.83,0.843,0.827,1106951,94728838.0,1.91,-1.07,-0.009,2.12
2024-07-08,0.83,0.819,0.83,0.813,1165193,97702448.0,2.05,-1.33,-0.011,2.23
2024-07-09,0.816,0.823,0.825,0.812,568073,47653892.0,1.59,0.49,0.004,1.09
2024-07-10,0.824,0.807,0.824,0.806,971713,80868865.0,2.19,-1.94,-0.016,1.86
2024-07-11,0.812,0.816,0.818,0.811,485766,40528963.0,0.87,1.12,0.009,0.93
2024-07-12,0.819,0.834,0.836,0.813,736468,62613243.0,2.82,2.21,0.018,1.41
2024-07-15,0.839,0.823,0.839,0.818,689329,58083540.0,2.52,-1.32,-0.011,1.32
2024-07-16,0.82,0.814,0.82,0.811,312923,26108612.0,1.09,-1.09,-0.009,0.6
2024-07-17,0.813,0.809,0.817,0.806,390018,32405028.0,1.35,-0.61,-0.005,0.75
2024-07-18,0.805,0.819,0.82,0.805,609345,50755876.0,1.85,1.24,0.01,1.17
2024-07-19,0.815,0.789,0.815,0.788,1917537,155765139.0,3.3,-3.66,-0.03,3.67
2024-07-22,0.791,0.796,0.798,0.78,974409,78784977.0,2.28,0.89,0.007,1.86
2024-07-23,0.795,0.797,0.806,0.795,687780,56534602.0,1.38,0.13,0.001,1.32
2024-07-24,0.796,0.793,0.8,0.792,322476,26309744.0,1.0,-0.5,-0.004,0.62
2024-07-25,0.793,0.779,0.794,0.775,835364,66831325.0,2.4,-1.77,-0.014,1.6
2024-07-26,0.778,0.777,0.788,0.774,602411,48087038.0,1.8,-0.26,-0.002,1.15
2024-07-29,0.781,0.788,0.789,0.778,490955,39509552.0,1.42,1.42,0.011,0.94
2024-07-30,0.788,0.774,0.788,0.772,428989,34154474.0,2.03,-1.78,-0.014,0.82
2024-07-31,0.772,0.785,0.787,0.769,681383,54546506.0,2.33,1.42,0.011,1.3
2024-08-01,0.785,0.784,0.786,0.777,400824,32123387.0,1.15,-0.13,-0.001,0.77
2024-08-02,0.778,0.773,0.78,0.767,422342,33449494.0,1.66,-1.4,-0.011,0.81
2024-08-05,0.767,0.751,0.768,0.744,898039,69668148.0,3.1,-2.85,-0.022,1.72
2024-08-06,0.757,0.753,0.764,0.75,517797,40067340.0,1.86,0.27,0.002,0.99
2024-08-07,0.752,0.765,0.77,0.752,593848,46511341.0,2.39,1.59,0.012,1.14
2024-08-08,0.766,0.766,0.771,0.759,507937,39843666.0,1.57,0.13,0.001,0.97
2024-08-09,0.77,0.769,0.779,0.769,385559,30615588.0,1.31,0.39,0.003,0.74
2024-08-12,0.77,0.768,0.773,0.767,296008,23352609.0,0.78,-0.13,-0.001,0.57
2024-08-13,0.769,0.772,0.775,0.769,235283,18615756.0,0.78,0.52,0.004,0.45
2024-08-14,0.774,0.768,0.776,0.768,176878,13985896.0,1.04,-0.52,-0.004,0.34
2024-08-15,0.768,0.772,0.779,0.764,700211,55508975.0,1.95,0.52,0.004,1.34
2024-08-16,0.776,0.779,0.782,0.775,559649,44661774.0,0.91,0.91,0.007,1.07
2024-08-19,0.781,0.782,0.785,0.78,318167,25534888.0,0.64,0.39,0.003,0.61
2024-08-20,0.784,0.773,0.784,0.772,461779,36734550.0,1.53,-1.15,-0.009,0.88
2024-08-21,0.772,0.771,0.773,0.766,439704,34724474.0,0.91,-0.26,-0.002,0.84
2024-08-22,0.772,0.773,0.774,0.768,359704,28419463.0,0.78,0.26,0.002,0.69
2024-08-23,0.772,0.774,0.777,0.771,209096,16588076.0,0.78,0.13,0.001,0.4
2024-08-26,0.776,0.785,0.785,0.775,281447,22546919.0,1.29,1.42,0.011,0.54
2024-08-27,0.785,0.795,0.796,0.782,600412,48600585.0,1.78,1.27,0.01,1.15
2024-08-28,0.795,0.788,0.795,0.783,273313,22057316.0,1.51,-0.88,-0.007,0.52
2024-08-29,0.786,0.784,0.791,0.778,631693,50727835.0,1.65,-0.51,-0.004,1.21
2024-08-30,0.784,0.793,0.8,0.784,933020,75800732.0,2.04,1.15,0.009,1.78
2024-09-02,0.79,0.78,0.792,0.778,425067,34034032.0,1.77,-1.64,-0.013,0.81
2024-09-03,0.78,0.775,0.783,0.773,205239,16342788.0,1.28,-0.64,-0.005,0.39
2024-09-04,0.771,0.763,0.772,0.762,528908,41548893.0,1.29,-1.55,-0.012,1.01
2024-09-05,0.766,0.763,0.772,0.76,510849,40133992.0,1.57,0.0,0.0,0.98
2024-09-06,0.763,0.76,0.767,0.759,146322,11463643.0,1.05,-0.39,-0.003,0.28
2024-09-09,0.758,0.747,0.761,0.745,375401,28913349.0,2.11,-1.71,-0.013,0.72
2024-09-10,0.749,0.747,0.753,0.743,399500,30595528.0,1.34,0.0,0.0,0.76
2024-09-11,0.744,0.732,0.744,0.726,534940,40130662.0,2.41,-2.01,-0.015,1.02
2024-09-12,0.734,0.74,0.745,0.732,739057,55987550.0,1.78,1.09,0.008,1.41
2024-09-13,0.741,0.746,0.755,0.741,404452,31128103.0,1.89,0.81,0.006,0.77
2024-09-18,0.753,0.755,0.76,0.752,351478,27294910.0,1.07,1.21,0.009,0.67
2024-09-19,0.757,0.772,0.773,0.756,701835,55210745.0,2.25,2.25,0.017,1.34
2024-09-20,0.775,0.773,0.779,0.768,991292,78616762.0,1.42,0.13,0.001,1.9
2024-09-23,0.774,0.782,0.785,0.774,1624244,130032933.0,1.42,1.16,0.009,3.11
2024-09-24,0.794,0.815,0.817,0.789,3856086,318818983.0,3.58,4.22,0.033,7.38
2024-09-25,0.843,0.815,0.864,0.813,2242561,190525171.0,6.26,0.0,0.0,4.29
2024-09-26,0.819,0.839,0.839,0.812,1391963,117808844.0,3.31,2.94,0.024,2.66
2024-09-27,0.86,0.863,0.88,0.845,1066873,94144223.0,4.17,2.86,0.024,2.04
2024-09-30,0.879,0.886,0.923,0.872,4519577,411091534.0,5.91,2.67,0.023,8.65
2024-10-08,0.97,0.892,0.97,0.872,5354637,493796252.0,11.06,0.68,0.006,10.24
2024-10-09,0.891,0.851,0.891,0.832,5998556,532328385.0,6.61,-4.6,-0.041,11.48
2024-10-10,0.861,0.882,0.9,0.861,1963081,177171278.0,4.58,3.64,0.031,3.76
2024-10-11,0.886,0.857,0.887,0.855,670145,59855863.0,3.63,-2.83,-0.025,1.28
2024-10-14,0.873,0.892,0.897,0.873,1461136,132583429.0,2.8,4.08,0.035,2.8
2024-10-15,0.894,0.87,0.9,0.867,1021073,92529148.0,3.7,-2.47,-0.022,1.95
2024-10-16,0.868,0.877,0.887,0.867,1566511,140457916.0,2.3,0.8,0.007,3.0
2024-10-17,0.882,0.861,0.892,0.861,1138372,102459055.0,3.53,-1.82,-0.016,2.18
2024-10-18,0.862,0.876,0.885,0.862,1768323,157646167.0,2.67,1.74,0.015,3.38
2024-10-21,0.879,0.876,0.883,0.87,1241825,111465635.0,1.48,0.0,0.0,2.38
2024-10-22,0.879,0.876,0.882,0.874,932776,83794623.0,0.91,0.0,0.0,1.78
2024-10-23,0.88,0.881,0.889,0.877,719537,64971475.0,1.37,0.57,0.005,1.38
2024-10-24,0.876,0.88,0.889,0.874,3691961,332390394.0,1.7,-0.11,-0.001,7.06
2024-10-25,0.882,0.878,0.887,0.876,730586,65837552.0,1.25,-0.23,-0.002,1.4
2024-10-28,0.878,0.88,0.882,0.875,1058331,95137089.0,0.8,0.23,0.002,2.02
2024-10-29,0.885,0.87,0.886,0.87,628624,56411048.0,1.82,-1.14,-0.01,1.2
2024-10-30,0.87,0.862,0.874,0.86,2048625,181687146.0,1.61,-0.92,-0.008,3.92
2024-10-31,0.862,0.864,0.872,0.86,2313090,205212659.0,1.39,0.23,0.002,4.42
2024-11-01,0.864,0.874,0.88,0.864,3494233,312723586.0,1.85,1.16,0.01,6.68
2024-11-04,0.874,0.871,0.876,0.866,2577187,229424995.0,1.14,-0.34,-0.003,4.93
2024-11-05,0.874,0.884,0.886,0.872,2113299,190476983.0,1.61,1.49,0.013,4.04
2024-11-06,0.887,0.876,0.889,0.873,1442148,130056843.0,1.81,-0.9,-0.008,2.76
2024-11-07,0.876,0.894,0.896,0.875,921997,84021510.0,2.4,2.05,0.018,1.76
2024-11-08,0.903,0.887,0.906,0.885,1542868,140752381.0,2.35,-0.78,-0.007,2.95
2024-11-11,0.881,0.873,0.89,0.869,1006146,89954281.0,2.37,-1.58,-0.014,1.92
2024-11-12,0.873,0.851,0.883,0.847,3199798,282098670.0,4.12,-2.52,-0.022,6.12
2024-11-13,0.85,0.852,0.857,0.846,903192,78795187.0,1.29,0.12,0.001,1.73
2024-11-14,0.852,0.84,0.856,0.838,674488,58521409.0,2.11,-1.41,-0.012,1.29
2024-11-15,0.839,0.845,0.85,0.839,681098,59018510.0,1.31,0.6,0.005,1.3
2024-11-18,0.846,0.854,0.861,0.846,1344343,117509736.0,1.78,1.07,0.009,2.57
2024-11-19,0.856,0.856,0.86,0.852,337067,29533101.0,0.94,0.23,0.002,0.64
2024-11-20,0.857,0.857,0.86,0.854,320010,28063602.0,0.7,0.12,0.001,0.61
2024-11-21,0.857,0.854,0.859,0.853,260862,22860382.0,0.7,-0.35,-0.003,0.5
2024-11-22,0.855,0.832,0.858,0.832,549838,47431312.0,3.04,-2.58,-0.022,1.05
2024-11-25,0.836,0.834,0.84,0.83,321274,27468976.0,1.2,0.24,0.002,0.61
2024-11-26,0.831,0.831,0.837,0.829,215852,18411716.0,0.96,-0.36,-0.003,0.41
2024-11-27,0.834,0.837,0.838,0.823,381305,32399745.0,1.81,0.72,0.006,0.73
2024-11-28,0.837,0.83,0.838,0.829,279921,23895501.0,1.08,-0.84,-0.007,0.54
2024-11-29,0.831,0.832,0.836,0.826,707521,60146944.0,1.2,0.24,0.002,1.35
2024-12-02,0.835,0.836,0.841,0.831,703433,60187751.0,1.2,0.48,0.004,1.35
2024-12-03,0.838,0.851,0.854,0.838,565281,48988757.0,1.91,1.79,0.015,1.08
2024-12-04,0.853,0.855,0.86,0.849,596211,52234555.0,1.29,0.47,0.004,1.14
2024-12-05,0.855,0.85,0.855,0.847,454541,39533198.0,0.94,-0.58,-0.005,0.87
2024-12-06,0.853,0.864,0.87,0.852,1103789,97420898.0,2.12,1.65,0.014,2.11
2024-12-09,0.862,0.862,0.871,0.86,2536831,224651230.0,1.27,-0.23,-0.002,4.85
2024-12-10,0.895,0.873,0.899,0.871,1462437,132067151.0,3.25,1.28,0.011,2.8
2024-12-11,0.875,0.874,0.882,0.872,690598,61909933.0,1.15,0.11,0.001,1.32
2024-12-12,0.876,0.887,0.89,0.874,715258,64586095.0,1.83,1.49,0.013,1.37
2024-12-13,0.885,0.871,0.885,0.869,1083984,96775130.0,1.8,-1.8,-0.016,2.07
2024-12-16,0.87,0.867,0.876,0.865,477586,42515220.0,1.26,-0.46,-0.004,0.91
2024-12-17,0.87,0.864,0.872,0.861,846858,74268610.0,1.27,-0.35,-0.003,1.62
2024-12-18,0.865,0.875,0.877,0.863,1488092,131277515.0,1.62,1.27,0.011,2.85
2024-12-19,0.871,0.869,0.877,0.863,1757177,154852347.0,1.6,-0.69,-0.006,3.36
2024-12-20,0.866,0.862,0.869,0.861,414987,36297300.0,0.92,-0.81,-0.007,0.79
2024-12-23,0.863,0.87,0.876,0.863,861855,75927793.0,1.51,0.93,0.008,1.65
2024-12-24,0.871,0.891,0.895,0.87,1051231,94258226.0,2.87,2.41,0.021,2.01
2024-12-25,0.894,0.895,0.896,0.893,327208,29612918.0,0.34,0.45,0.004,0.63
2024-12-26,0.896,0.89,0.903,0.889,270523,24519996.0,1.56,-0.56,-0.005,0.52
2024-12-27,0.89,0.888,0.89,0.881,564530,50663407.0,1.01,-0.22,-0.002,1.08
2024-12-30,0.888,0.89,0.894,0.886,443165,39907513.0,0.9,0.23,0.002,0.85
2024-12-31,0.886,0.892,0.899,0.886,911395,82525134.0,1.46,0.22,0.002,1.74
2025-01-02,0.89,0.87,0.89,0.87,707952,62993920.0,2.24,-2.47,-0.022,1.35
2025-01-03,0.871,0.871,0.879,0.869,567044,50147787.0,1.15,0.11,0.001,1.08
2025-01-06,0.871,0.871,0.879,0.869,497966,44094180.0,1.15,0.0,0.0,0.95
2025-01-07,0.869,0.862,0.872,0.86,247469,21683454.0,1.38,-1.03,-0.009,0.47
2025-01-08,0.861,0.859,0.866,0.853,322516,28104688.0,1.51,-0.35,-0.003,0.62
2025-01-09,0.857,0.855,0.86,0.852,294633,25548493.0,0.93,-0.47,-0.004,0.56
2025-01-10,0.856,0.848,0.857,0.847,324169,27982579.0,1.17,-0.82,-0.007,0.62
2025-01-13,0.846,0.842,0.846,0.837,306575,26105981.0,1.06,-0.71,-0.006,0.59
2025-01-14,0.843,0.851,0.854,0.843,317784,27327482.0,1.31,1.07,0.009,0.61
2025-01-15,0.849,0.851,0.853,0.847,235891,20318552.0,0.71,0.0,0.0,0.45
2025-01-16,0.853,0.855,0.861,0.851,287773,24958428.0,1.18,0.47,0.004,0.55
2025-01-17,0.853,0.86,0.861,0.85,312402,27155222.0,1.29,0.58,0.005,0.6
2025-01-20,0.866,0.863,0.867,0.861,375498,32833220.0,0.7,0.35,0.003,0.72
2025-01-21,0.863,0.86,0.866,0.858,315842,27530998.0,0.93,-0.35,-0.003,0.6
2025-01-22,0.86,0.85,0.86,0.85,215659,18628260.0,1.16,-1.16,-0.01,0.41
2025-01-23,0.854,0.845,0.863,0.843,1401664,120795381.0,2.35,-0.59,-0.005,2.68
2025-01-24,0.847,0.857,0.859,0.846,705268,61033388.0,1.54,1.42,0.012,1.35
2025-01-27,0.859,0.867,0.869,0.857,279734,24531195.0,1.4,1.17,0.01,0.54
2025-02-05,0.87,0.857,0.87,0.854,496838,43178215.0,1.85,-1.15,-0.01,0.95
2025-02-06,0.857,0.86,0.862,0.856,317805,27649481.0,0.7,0.35,0.003,0.61
2025-02-07,0.861,0.86,0.864,0.856,818736,71305026.0,0.93,0.0,0.0,1.57
2025-02-10,0.86,0.866,0.869,0.86,602594,52863331.0,1.05,0.7,0.006,1.15
2025-02-11,0.867,0.867,0.869,0.863,489741,42914501.0,0.69,0.12,0.001,0.94
2025-02-12,0.867,0.88,0.881,0.867,480876,42494951.0,1.61,1.5,0.013,0.92
2025-02-13,0.881,0.88,0.886,0.873,975307,87017824.0,1.48,0.0,0.0,1.87
2025-02-14,0.879,0.877,0.88,0.87,952403,84514226.0,1.14,-0.34,-0.003,1.82
2025-02-17,0.879,0.891,0.892,0.879,1086674,97197448.0,1.48,1.6,0.014,2.08
2025-02-18,0.894,0.892,0.903,0.887,1428700,129612448.0,1.8,0.11,0.001,2.73
2025-02-19,0.893,0.896,0.898,0.89,517969,46922114.0,0.9,0.45,0.004,0.99
2025-02-20,0.898,0.889,0.898,0.887,615873,55589295.0,1.23,-0.78,-0.007,1.18
2025-02-21,0.893,0.894,0.896,0.888,644720,58200302.0,0.9,0.56,0.005,1.23
2025-02-24,0.894,0.9,0.904,0.888,951206,86494947.0,1.79,0.67,0.006,1.82
2025-02-25,0.899,0.892,0.899,0.889,609694,55169695.0,1.11,-0.89,-0.008,1.17
2025-02-26,0.891,0.911,0.913,0.891,717689,65688259.0,2.47,2.13,0.019,1.37
2025-02-27,0.913,0.919,0.92,0.907,988042,91379732.0,1.43,0.88,0.008,1.89
2025-02-28,0.922,0.899,0.922,0.897,650269,59801733.0,2.72,-2.18,-0.02,1.24
2025-03-03,0.901,0.901,0.91,0.899,720576,66096664.0,1.22,0.22,0.002,1.38
2025-03-04,0.9,0.904,0.904,0.889,523685,47577658.0,1.66,0.33,0.003,1.0
2025-03-05,0.903,0.916,0.918,0.903,860278,79506054.0,1.66,1.33,0.012,1.65
2025-03-06,0.92,0.926,0.926,0.917,532800,49691407.0,0.98,1.09,0.01,1.02
2025-03-07,0.926,0.927,0.939,0.923,1597284,150692589.0,1.73,0.11,0.001,3.06
2025-03-10,0.928,0.928,0.937,0.921,1119267,105377800.0,1.73,0.11,0.001,2.14
2025-03-11,0.922,0.93,0.931,0.917,409516,38329609.0,1.51,0.22,0.002,0.78
2025-03-12,0.93,0.933,0.936,0.928,386566,36460989.0,0.86,0.32,0.003,0.74
2025-03-13,0.933,0.931,0.939,0.925,496274,46795061.0,1.5,-0.21,-0.002,0.95
2025-03-14,0.931,0.943,0.95,0.931,1152417,109998747.0,2.04,1.29,0.012,2.2
2025-03-17,0.944,0.951,0.956,0.944,717125,69093471.0,1.27,0.85,0.008,1.37
2025-03-18,0.959,0.958,0.96,0.953,767616,74284803.0,0.74,0.74,0.007,1.47
2025-03-19,0.958,0.954,0.96,0.954,652993,63166380.0,0.63,-0.42,-0.004,1.25
2025-03-20,0.956,0.944,0.956,0.944,593593,57036309.0,1.26,-1.05,-0.01,1.14
2025-03-21,0.943,0.929,0.946,0.924,611351,57615443.0,2.33,-1.59,-0.015,1.17
2025-03-24,0.93,0.93,0.936,0.925,229329,21587840.0,1.18,0.11,0.001,0.44
2025-03-25,0.928,0.931,0.935,0.925,1485598,139963137.0,1.08,0.11,0.001,2.84
2025-03-26,0.932,0.93,0.937,0.928,401640,37867782.0,0.97,-0.11,-0.001,0.77
2025-03-27,0.931,0.934,0.941,0.931,448120,42460753.0,1.08,0.43,0.004,0.86
2025-03-28,0.935,0.923,0.938,0.922,738214,69133112.0,1.71,-1.18,-0.011,1.41
2025-03-31,0.921,0.918,0.926,0.916,513346,47817402.0,1.08,-0.54,-0.005,0.98
2025-04-01,0.92,0.932,0.933,0.92,295332,27705164.0,1.42,1.53,0.014,0.56
2025-04-02,0.93,0.931,0.933,0.926,203687,19172706.0,0.75,-0.11,-0.001,0.39
2025-04-03,0.927,0.931,0.937,0.922,1076162,101218636.0,1.61,0.0,0.0,2.06
2025-04-07,0.914,0.854,0.914,0.846,1784380,156133421.0,7.3,-8.27,-0.077,3.41
2025-04-08,0.853,0.856,0.867,0.844,1019125,88658210.0,2.69,0.23,0.002,1.95
2025-04-09,0.847,0.862,0.866,0.833,410866,35431760.0,3.86,0.7,0.006,0.79
2025-04-10,0.879,0.878,0.892,0.876,843123,75529580.0,1.86,1.86,0.016,1.61
2025-04-11,0.876,0.881,0.885,0.869,303079,26919664.0,1.82,0.34,0.003,0.58
2025-04-14,0.885,0.898,0.899,0.885,175029,15850437.0,1.59,1.93,0.017,0.33
2025-04-15,0.9,0.9,0.902,0.897,180352,16428433.0,0.56,0.22,0.002,0.35
2025-04-16,0.9,0.895,0.903,0.89,300698,27201505.0,1.44,-0.56,-0.005,0.58
2025-04-17,0.895,0.898,0.904,0.893,617381,56225898.0,1.23,0.34,0.003,1.18
2025-04-18,0.897,0.899,0.902,0.894,360895,32803094.0,0.89,0.11,0.001,0.69
2025-04-21,0.898,0.899,0.9,0.895,114214,10385117.0,0.56,0.0,0.0,0.22
2025-04-22,0.899,0.906,0.909,0.897,567672,51864022.0,1.33,0.78,0.007,1.09
2025-04-23,0.911,0.91,0.917,0.907,516106,47593223.0,1.1,0.44,0.004,0.99
2025-04-24,0.91,0.905,0.912,0.904,920403,84576686.0,0.88,-0.55,-0.005,1.76
2025-04-25,0.906,0.912,0.921,0.906,737180,68189176.0,1.66,0.77,0.007,1.41
2025-04-28,0.913,0.918,0.92,0.905,493121,45539728.0,1.64,0.66,0.006,0.94
2025-04-29,0.918,0.913,0.924,0.909,620021,57423692.0,1.63,-0.54,-0.005,1.19
2025-04-30,0.912,0.911,0.915,0.905,963453,88758026.0,1.1,-0.22,-0.002,1.84
2025-05-06,0.914,0.92,0.922,0.91,960454,89081466.0,1.32,0.99,0.009,1.84
2025-05-07,0.926,0.926,0.932,0.925,476897,44807280.0,0.76,0.65,0.006,0.91
2025-05-08,0.926,0.924,0.928,0.923,463199,43399327.0,0.54,-0.22,-0.002,0.89
2025-05-09,0.924,0.932,0.934,0.924,309936,29189543.0,1.08,0.87,0.008,0.59
2025-05-12,0.932,0.937,0.938,0.931,847029,80129603.0,0.75,0.54,0.005,1.62
2025-05-13,0.941,0.939,0.941,0.935,521750,49539100.0,0.64,0.21,0.002,1.0
2025-05-14,0.94,0.954,0.957,0.94,996641,95933365.0,1.81,1.6,0.015,1.91
2025-05-15,0.956,0.952,0.958,0.951,511283,49333722.0,0.73,-0.21,-0.002,0.98
2025-05-16,0.952,0.947,0.952,0.943,694727,66459539.0,0.95,-0.53,-0.005,1.33
2025-05-19,0.945,0.953,0.958,0.945,977708,94278385.0,1.37,0.63,0.006,1.87
2025-05-20,0.956,0.963,0.966,0.955,820191,79829943.0,1.15,1.05,0.01,1.57
2025-05-21,0.964,0.966,0.972,0.961,1208711,118060164.0,1.14,0.31,0.003,2.31
2025-05-22,0.966,0.962,0.967,0.96,906913,88439185.0,0.72,-0.41,-0.004,1.73
2025-05-23,0.962,0.96,0.966,0.959,528217,51431171.0,0.73,-0.21,-0.002,1.01
2025-05-26,0.959,0.958,0.967,0.957,649591,63198207.0,1.04,-0.21,-0.002,1.24
2025-05-27,0.957,0.96,0.966,0.957,768056,74687474.0,0.94,0.21,0.002,1.47
2025-05-28,0.959,0.966,0.967,0.959,990920,96709692.0,0.83,0.63,0.006,1.9
2025-05-29,0.967,0.968,0.971,0.965,1130362,110614835.0,0.62,0.21,0.002,2.16
2025-05-30,0.965,0.968,0.969,0.962,1233693,120401142.0,0.72,0.0,0.0,2.36
2025-06-03,0.966,0.975,0.975,0.965,1058550,103988252.0,1.03,0.72,0.007,2.02
2025-06-04,0.976,0.978,0.978,0.97,1804051,177643136.0,0.82,0.31,0.003,3.45
2025-06-05,0.981,0.973,0.983,0.971,2490417,245929604.0,1.23,-0.51,-0.005,4.76
2025-06-06,0.974,0.975,0.98,0.973,1109319,109408527.0,0.72,0.21,0.002,2.12
2025-06-09,0.979,0.977,0.979,0.974,1100090,108583476.0,0.51,0.21,0.002,2.1
2025-06-10,0.978,0.987,0.992,0.977,1886722,188238111.0,1.54,1.02,0.01,3.61
2025-06-11,0.992,1.004,1.005,0.99,2977981,301254699.0,1.52,1.72,0.017,5.7
2025-06-12,1.0,1.005,1.009,1.0,1874952,190531585.0,0.9,0.1,0.001,3.59
2025-06-13,1.003,1.011,1.014,1.003,1626796,166109510.0,1.09,0.6,0.006,3.11
2025-06-16,1.009,1.015,1.02,1.009,1821647,186800516.0,1.09,0.4,0.004,3.48
2025-06-17,1.018,1.015,1.02,1.012,1712051,175933079.0,0.79,0.0,0.0,3.28
2025-06-18,1.016,1.004,1.022,1.003,2859973,291387897.0,1.87,-1.08,-0.011,5.47
2025-06-19,1.004,0.989,1.005,0.985,1822142,182366981.0,1.99,-1.49,-0.015,3.49
2025-06-20,0.989,0.993,0.998,0.988,2817087,282849560.0,1.01,0.4,0.004,5.39
2025-06-23,0.992,1.005,1.006,0.989,2576459,260588983.0,1.71,1.21,0.012,4.93
2025-06-24,1.007,1.016,1.017,1.006,1613179,165205156.0,1.09,1.09,0.011,3.09
2025-06-25,1.021,1.024,1.024,1.014,2595113,267008646.0,0.98,0.79,0.008,4.96
2025-06-26,1.022,1.016,1.022,1.013,2350620,241315014.0,0.88,-0.78,-0.008,4.5
2025-06-27,1.018,1.007,1.022,1.003,4996450,511324157.0,1.87,-0.89,-0.009,9.56
2025-06-30,1.006,1.007,1.008,1.0,2301428,233752069.0,0.79,0.0,0.0,4.4
2025-07-01,1.007,1.011,1.012,1.005,917835,93604008.0,0.7,0.4,0.004,1.76
2025-07-02,1.012,1.024,1.025,1.011,2163284,222814898.0,1.38,1.29,0.013,4.14
2025-07-03,1.023,1.03,1.032,1.023,7971780,828803885.0,0.88,0.59,0.006,15.25
2025-07-04,1.032,1.026,1.032,1.02,2048317,212405656.0,1.17,-0.39,-0.004,3.92
2025-07-07,1.026,1.026,1.028,1.021,1411432,146312355.0,0.68,0.0,0.0,2.7
2025-07-08,1.03,1.026,1.033,1.023,2292481,238076102.0,0.97,0.0,0.0,4.39
2025-07-09,1.027,1.02,1.028,1.016,1452036,149702905.0,1.17,-0.58,-0.006,2.78
2025-07-10,1.019,1.031,1.033,1.019,1736446,180450974.0,1.37,1.08,0.011,3.32
2025-07-11,1.032,1.035,1.043,1.032,1732104,181913472.0,1.07,0.39,0.004,3.31
2025-07-14,1.035,1.037,1.044,1.032,1766845,185490842.0,1.16,0.19,0.002,3.38
2025-07-15,1.037,1.027,1.041,1.025,1844746,192158255.0,1.54,-0.96,-0.01,3.53
2025-07-16,1.031,1.033,1.035,1.027,1771156,184635550.0,0.78,0.58,0.006,3.39
2025-07-17,1.032,1.026,1.035,1.025,1575618,163875091.0,0.97,-0.68,-0.007,3.01
2025-07-18,1.029,1.033,1.035,1.029,2324555,242442048.0,0.58,0.68,0.007,4.45
2025-07-21,1.033,1.046,1.048,1.033,2093013,220557549.0,1.45,1.26,0.013,4.0
2025-07-22,1.048,1.063,1.068,1.044,4039797,431414735.0,2.29,1.63,0.017,7.73
2025-07-23,1.069,1.065,1.073,1.062,3437321,370138805.0,1.03,0.19,0.002,6.58
2025-07-24,1.065,1.074,1.074,1.062,3379807,365664264.0,1.13,0.85,0.009,6.47
2025-07-25,1.074,1.072,1.083,1.071,2874363,312485413.0,1.12,-0.19,-0.002,5.5
2025-07-28,1.072,1.071,1.077,1.065,2433529,263911679.0,1.12,-0.09,-0.001,4.66
2025-07-29,1.071,1.068,1.075,1.063,2592296,279361306.0,1.12,-0.28,-0.003,4.96
2025-07-30,1.068,1.077,1.084,1.068,2195171,239029754.0,1.5,0.84,0.009,4.2
2025-07-31,1.079,1.06,1.079,1.058,1913804,205844998.0,1.95,-1.58,-0.017,3.66
2025-08-01,1.058,1.05,1.064,1.047,3531872,375853308.0,1.6,-0.94,-0.01,6.76
2025-08-04,1.047,1.051,1.051,1.035,1573465,166160506.0,1.52,0.1,0.001,3.01
2025-08-05,1.052,1.059,1.059,1.049,1238701,131929595.0,0.95,0.76,0.008,2.37
2025-08-06,1.059,1.061,1.068,1.058,1676142,179913226.0,0.94,0.19,0.002,3.21
2025-08-07,1.062,1.08,1.08,1.061,2993723,323868433.0,1.79,1.79,0.019,5.73
2025-08-08,1.075,1.078,1.082,1.072,2162586,235465771.0,0.93,-0.19,-0.002,4.14
2025-08-11,1.078,1.076,1.084,1.074,1787059,194572003.0,0.93,-0.19,-0.002,3.42
2025-08-12,1.076,1.088,1.088,1.076,1676266,183703296.0,1.12,1.12,0.012,3.21
2025-08-13,1.09,1.092,1.097,1.086,2410081,265300577.0,1.01,0.37,0.004,4.61
2025-08-14,1.094,1.09,1.101,1.088,1973705,218279434.0,1.19,-0.18,-0.002,3.78
2025-08-15,1.087,1.094,1.095,1.085,2985120,329111577.0,0.92,0.37,0.004,5.71
2025-08-18,1.094,1.089,1.094,1.087,2418365,266424600.0,0.64,-0.46,-0.005,4.63
2025-08-19,1.09,1.085,1.092,1.083,1219453,133827436.0,0.83,-0.37,-0.004,2.33
2025-08-20,1.08,1.083,1.087,1.075,1926886,210467964.0,1.11,-0.18,-0.002,3.69
2025-08-21,1.082,1.093,1.093,1.082,2091172,230164817.0,1.02,0.92,0.01,4.0
2025-08-22,1.094,1.087,1.098,1.084,1901407,208889226.0,1.28,-0.55,-0.006,3.64
2025-08-25,1.089,1.095,1.102,1.089,1552250,171998472.0,1.2,0.74,0.008,2.97
2025-08-26,1.095,1.083,1.095,1.083,1199731,131898657.0,1.1,-1.1,-0.012,2.3
2025-08-27,1.083,1.075,1.086,1.071,3780864,412760080.0,1.39,-0.74,-0.008,7.23
2025-08-28,1.075,1.072,1.078,1.067,1715673,185973566.0,1.02,-0.28,-0.003,3.28
2025-08-29,1.07,1.071,1.08,1.068,1275996,138502891.0,1.12,-0.09,-0.001,2.44
2025-09-01,1.071,1.07,1.076,1.068,1215672,131610874.0,0.75,-0.09,-0.001,2.33
2025-09-02,1.068,1.07,1.076,1.068,4330399,469418396.0,0.75,0.0,0.0,8.28
2025-09-03,1.071,1.063,1.078,1.061,963380,103777812.0,1.59,-0.65,-0.007,1.84
2025-09-04,1.064,1.057,1.068,1.051,1688054,180116791.0,1.6,-0.56,-0.006,3.23
2025-09-05,1.056,1.071,1.072,1.056,1087648,117072305.0,1.51,1.32,0.014,2.08
2025-09-08,1.067,1.078,1.08,1.066,1544616,167669054.0,1.31,0.65,0.007,2.95
2025-09-09,1.079,1.08,1.089,1.076,1577977,172472343.0,1.21,0.19,0.002,3.02
2025-09-10,1.081,1.094,1.098,1.081,4000970,441673033.0,1.57,1.3,0.014,7.65
2025-09-11,1.099,1.1,1.112,1.087,3751158,416144108.0,2.29,0.55,0.006,7.18
2025-09-12,1.108,1.098,1.108,1.095,4168557,463251164.0,1.18,-0.18,-0.002,7.97
2025-09-15,1.101,1.097,1.102,1.095,2210483,245390633.0,0.64,-0.09,-0.001,4.23
2025-09-16,1.099,1.093,1.107,1.092,1626533,179977372.0,1.37,-0.36,-0.004,3.11
2025-09-17,1.093,1.093,1.099,1.091,1810120,200098273.0,0.73,0.0,0.0,3.46
2025-09-18,1.092,1.078,1.094,1.074,1430435,156686736.0,1.83,-1.37,-0.015,2.74
2025-09-19,1.076,1.084,1.087,1.076,1397032,152711653.0,1.02,0.56,0.006,2.67
2025-09-22,1.084,1.065,1.086,1.06,2264180,244041981.0,2.4,-1.75,-0.019,4.33
2025-09-23,1.066,1.056,1.067,1.055,1545151,165321694.0,1.13,-0.85,-0.009,2.96
2025-09-24,1.055,1.065,1.066,1.055,3479615,372646172.0,1.04,0.85,0.009,6.66
2025-09-25,1.064,1.046,1.065,1.045,1764256,187689048.0,1.88,-1.78,-0.019,3.37
2025-09-26,1.046,1.058,1.06,1.042,2374211,252810500.0,1.72,1.15,0.012,4.54
2025-09-29,1.058,1.061,1.062,1.049,2401371,256126897.0,1.23,0.28,0.003,4.59
2025-09-30,1.061,1.055,1.064,1.053,807893,86242364.0,1.04,-0.57,-0.006,1.55
2025-10-09,1.053,1.062,1.064,1.049,1743886,186483914.0,1.42,0.66,0.007,3.34
2025-10-10,1.062,1.067,1.073,1.054,3153563,340024827.0,1.79,0.47,0.005,6.03
2025-10-13,1.05,1.058,1.062,1.046,1765309,187923654.0,1.5,-0.84,-0.009,3.38
2025-10-14,1.064,1.067,1.082,1.061,3224670,349742194.0,1.98,0.85,0.009,6.17
2025-10-15,1.072,1.076,1.077,1.067,2357364,255447183.0,0.94,0.84,0.009,4.51
2025-10-16,1.078,1.084,1.09,1.072,2392033,262152418.0,1.67,0.74,0.008,4.58
2025-10-17,1.089,1.074,1.094,1.074,2610231,285458606.0,1.85,-0.92,-0.01,4.99
2025-10-20,1.078,1.091,1.093,1.078,2484523,273005829.0,1.4,1.58,0.017,4.75
2025-10-21,1.094,1.095,1.1,1.092,3864861,427918485.0,0.73,0.37,0.004,7.39
2025-10-22,1.096,1.087,1.096,1.081,1740566,190789829.0,1.37,-0.73,-0.008,3.33
2025-10-23,1.088,1.099,1.099,1.085,1865936,205693493.0,1.29,1.1,0.012,3.57
2025-10-24,1.103,1.1,1.104,1.096,1514113,168096996.0,0.73,0.09,0.001,2.9
2025-10-27,1.103,1.107,1.11,1.098,1210440,135282260.0,1.09,0.64,0.007,2.32
2025-10-28,1.109,1.099,1.109,1.098,1814677,202220523.0,0.99,-0.72,-0.008,3.47
2025-10-29,1.099,1.106,1.108,1.099,697491,77828557.0,0.82,0.64,0.007,1.33
2025-10-30,1.108,1.1,1.109,1.097,1951213,217570696.0,1.08,-0.54,-0.006,3.73
2025-10-31,1.1,1.097,1.106,1.095,1636769,181840221.0,1.0,-0.27,-0.003,3.13
2025-11-03,1.097,1.116,1.118,1.096,2179272,243823100.0,2.01,1.73,0.019,4.17
2025-11-04,1.119,1.117,1.129,1.114,2251199,255250263.0,1.34,0.09,0.001,4.31
2025-11-05,1.116,1.119,1.12,1.105,2496928,280759263.0,1.34,0.18,0.002,4.78
2025-11-06,1.121,1.137,1.138,1.12,1785266,204066445.0,1.61,1.61,0.018,3.42
2025-11-07,1.142,1.139,1.143,1.136,1667415,191798523.0,0.62,0.18,0.002,3.19
2025-11-10,1.142,1.157,1.162,1.142,2550876,297198372.0,1.76,1.58,0.018,4.88
2025-11-11,1.163,1.158,1.165,1.149,2044359,238554253.0,1.38,0.09,0.001,3.91
2025-11-12,1.174,1.179,1.179,1.163,2174442,257386120.0,1.38,1.81,0.021,4.16
2025-11-13,1.182,1.173,1.182,1.167,1978868,234593257.0,1.27,-0.51,-0.006,3.79
2025-11-14,1.172,1.161,1.173,1.161,1682688,198302213.0,1.02,-1.02,-0.012,3.22
2025-11-17,1.159,1.152,1.164,1.151,2978697,347912383.0,1.12,-0.78,-0.009,5.7
2025-11-18,1.148,1.127,1.151,1.124,3650034,417189543.0,2.34,-2.17,-0.025,6.98
2025-11-19,1.127,1.135,1.141,1.127,3770851,432177259.0,1.24,0.71,0.008,7.21
2025-11-20,1.136,1.126,1.141,1.125,2430885,277997214.0,1.41,-0.79,-0.009,4.65
2025-11-21,1.12,1.112,1.122,1.107,2605644,292871749.0,1.33,-1.24,-0.014,4.98
2025-11-24,1.113,1.115,1.116,1.105,2915556,326755778.0,0.99,0.27,0.003,5.58
2025-11-25,1.118,1.117,1.123,1.117,1753630,198269467.0,0.54,0.18,0.002,3.35
2025-11-26,1.119,1.118,1.124,1.116,1422640,160851493.0,0.72,0.09,0.001,2.72
2025-11-27,1.116,1.118,1.125,1.112,1995108,225564131.0,1.16,0.0,0.0,3.82
2025-11-28,1.116,1.109,1.118,1.106,1904869,213295873.0,1.07,-0.81,-0.009,3.64
2025-12-01,1.112,1.114,1.118,1.108,1571911,176586198.0,0.9,0.45,0.005,3.01
2025-12-02,1.115,1.125,1.128,1.115,2644214,299771986.0,1.17,0.99,0.011,5.06
2025-12-03,1.126,1.118,1.128,1.115,1589018,179869943.0,1.16,-0.62,-0.007,3.04
2025-12-04,1.121,1.122,1.126,1.118,1327637,150380987.0,0.72,0.36,0.004,2.54
2025-12-05,1.122,1.123,1.124,1.116,1152187,130317731.0,0.71,0.09,0.001,2.2
2025-12-08,1.126,1.113,1.127,1.112,1411638,159053483.0,1.34,-0.89,-0.01,2.7
2025-12-09,1.11,1.095,1.113,1.094,1406318,156343951.0,1.71,-1.62,-0.018,2.69
2025-12-10,1.096,1.088,1.098,1.084,2219979,243818028.0,1.28,-0.64,-0.007,4.25
2025-12-11,1.093,1.086,1.099,1.084,2192523,241324744.0,1.38,-0.18,-0.002,4.19
2025-12-12,1.089,1.098,1.1,1.089,1750031,193609413.0,1.01,1.1,0.012,3.35
2025-12-15,1.097,1.091,1.097,1.09,2342236,258532572.0,0.64,-0.64,-0.007,4.48
2025-12-16,1.094,1.071,1.095,1.068,3728760,404139942.0,2.47,-1.83,-0.02,7.13
2025-12-17,1.071,1.075,1.076,1.065,1446989,154856003.0,1.03,0.37,0.004,2.77
2025-12-18,1.073,1.077,1.079,1.07,1673027,179769165.0,0.84,0.19,0.002,3.2
2025-12-19,1.08,1.083,1.084,1.075,2496647,269581099.0,0.84,0.56,0.006,4.78
2025-12-22,1.085,1.08,1.088,1.079,1549733,167575808.0,0.83,-0.28,-0.003,2.96
2025-12-23,1.084,1.086,1.093,1.083,2167654,235950438.0,0.93,0.56,0.006,4.15
2025-12-24,1.086,1.083,1.087,1.081,1544888,167476131.0,0.55,-0.28,-0.003,2.96
